PCCDB-ID,SMILES
85075,OC(=O)c1ccc2c(n1)c(ccc2)N(=O)=O
85081,CSC(=N)NC#N
85084,CC1(C)COP(=O)(OC1)Cc1ccccc1
85087,OCCCOCCCOCC
85104,O=CCC/C=C/CC/C=C/CCC=O
85105,C1CCC(CC1)c1ccccn1
85111,NNc1ccc2c(n1)cccc2
85113,O=c1ccc2c(o1)c1cc(oc1cc2)C
85115,C=CSSC=C
85123,C=CCC[C]1NC(=N)NC(=N1)[NH]
85125,OCN(CC(=O)O)C
85126,C/C(=Nc1ccccc1)/O
85127,CN(Cc1cccc(c1O)CN(C)C)C
85136,CC(CC(=O)OCC1CCCCC1)C
85137,O=C(C1CCCCC1)OC1CCCCC1
85143,CCCOC(=O)/C=C/C(=O)O
85146,N#Cc1ccc2c(c1)[nH]cc2
85150,CCCCCCC(C)(C)C
85151,CCCCC(CCC)(C)C
85153,CCCCCOc1ccc(cc1)C(=O)O
85154,CCCCCCCOc1ccc(cc1)C(=O)O
85158,OCNCC(=O)O
85174,C=C/N=C(/OC1CCCCC1)O
85180,COC(=O)c1ccc[n+](c1)[O-]
85181,OCCCS([O])(O)[O]
85183,CC(=O)O/C=C/C=C/OC(=O)C
85194,CCN(CO)CC
85195,CCOC(=O)C(=O)CC
85196,C[SiH](N[SiH](C)C)C
85198,O[C@@H]1CC[C@H](CC1)/N=C(c1ccccc1N)/O
85212,C/C(=NC(=O)[C@@H](N)C)/O
85213,COC(=O)Cc1ccc(c(c1)OC)OC
85214,COC(=O)Cc1ccc(c(c1)OC)O
85221,CC1=CNC(=[N]=C1O)[NH]
85224,Cc1nccnc1CCC
85225,CC1=NCCN=C1C
85226,CCC1=NCCN=C1C
85227,CC1=NCCN=C1CCCC
85228,Cc1nccnc1CCCC
85230,[O]C(=O)C1=CN(C=CC1)Cc1ccccc1
85234,COC(=O)CSc1ccco1
85237,N=C1CCCCN1
85238,CNCCCCNC
85248,C[N][N]Nc1ccccc1
85250,CSC(C=O)(C)C
85251,C=C[Si](O[Si](C=C)(C=C)C)(C=C)C
85252,CC(=O)OCC[Si](C)(C)C
85253,CCn1c(O)nnc1O
85254,OCCON(=O)=O
85264,CCCOC(=O)OOC(=O)OCCC
85270,CCOC(=O)c1cnn(c1N)c1ccccc1
85272,OC[C@H]1CO[C@H](O1)C=C
85273,OC[C@@H]1CO[C@@H](O1)C=C
85274,C=C[C@@H]1OC[C@@H](CO1)O
85280,OC(=O)c1cccc(c1O)C(C)(C)C
85281,OC(=O)c1cc(ccc1O)C(C)(C)C
85282,Cc1cccc2c1cc[nH]2
85287,Cc1cc(C)c(c(c1)O)C(=O)C
85294,[NH]C(=[NH2])SCCCO
85296,CN(CCSC(=[NH2])[NH])C
85300,COc1ccc(c(c1)N)N(=O)=O
85301,O/C=N/c1ccc(cc1)N(=O)=O
85304,CC1(CCCCC1)c1cc(C)ccc1O
85306,CC(Nc1ccc(cc1)N)C
85312,OC(COCC#C)COCC#C
85316,OCCOC(=O)C1CCCCC1
85318,OC(=O)Cc1ccccn1
85319,CC(=O)OCC/N=C(/O)C
85320,CCOC(=O)N=C=S
85321,NNS(=O)(=O)c1c(C)cc(cc1C)C
85323,N#CCC(=N)c1ccccc1
85326,CCCCCC#C/C=C/CO
85329,CCCC#CC(=O)OCC
85335,CCCCOC(=O)CCS
85339,OC(=O)c1cc(cc(c1)C(C)(C)C)C(C)(C)C
85341,OCN1C(=NC(C1=O)(C)C)O
85345,O=N(=O)c1cccc2c1c(cc[n+]2[O-])N(=O)=O
85346,CCCCCCCCc1ccc(cc1)N
85357,c1ccc2c(c1)[C@H]1Cc3c([C@H]1C2)cccc3
85360,CC1=CCOCC1
85366,COC(=S)SCC(=O)O
85370,[O][N]N(C(CC(=O)C)(C)C)C
85382,CCCNCCO
85394,OCCO[C@@H]1CC[C@H](CC1)OCCO
85395,[NH][C]([C@@H]1CCCN1C(=O)C)O
85396,CN(C(=O)CC)[N][O]
85397,CN(C(=O)CCC)[N][O]
85398,Cc1ccc(c2c1CCC2)O
85418,CCCCCCCCOC(=O)CC(=O)C
85444,COC(=O)c1cc(ccc1O)C(=O)C
85447,CCCCNC(C)(C)C
85453,C=CCOC(=O)C1CCCCC1
85454,CCCCOC1=CC(=O)CCC1
85461,CCCCOCCCN
85464,O=C(C1CCCCC1)OC1(O)CCCC1
85471,C=CCP(CC=C)CC=C
85490,CO[Si](C=C)(C)C
85491,COc1cccc(c1N)N(=O)=O
85493,OC(=O)CCOc1cccc2c1cccc2
85494,Nc1cccc2c1nccn2
85498,Cn1nc2c(n1)cccc2
85502,Cc1sc2c(c1)cccc2C
85503,Cc1csc2c1cccc2C
85507,CC(CN(CC(C)C)N)C
85508,CCCC(=O)OCCN(C)C
85509,Oc1cc(O)cc(c1N(=O)=O)O
85515,N#Cc1c[nH][nH]c1=N
85519,CSCCCOC(=O)C
85522,CSCC(=O)OC
85523,O=N(=O)C1=C(C)N=[C](=[N]=C1O)O
85526,OC(=O)CCc1ccc(cc1)N(=O)=O
85530,CCCCCCCCNc1ccc(cc1)OC
85531,CC(C1CCCCC1)(O)C
85532,Cc1cc(C)c2c(c1)c1ccccc1cc2
85533,OCCN1CCC(CC1)C(=O)O
85538,COCCO/C(=NCO)/O
85539,OCCO/C(=NCO)/O
85549,OCCOCCOCCOC(=O)C=C
85550,O=C(N1CCOCC1)CC(=O)C
85553,CCOC(=O)C(=O)N(C)C
85554,OC(=N)Nc1ccc(c(c1)O)C
85564,COc1cc(OC)ccc1/N=C(CC(=O)C)/O
85567,CC1=C[C@H]([C@@H](CC1)C(C)C)O
85568,CC1=C[C@@H]([C@H](CC1)C(C)C)O
85572,CC(=CC[C@@H]1C(=CC[C@@H]2[C@H]1C(=O)OC2=O)C)C
85574,COc1ccc(cc1)C1(CC1)C#N
85577,CCCCCCCCCCOCCC#N
85578,N#CCCOC1CCCCC1
85579,CCCOCCCN
85580,CCCCCCOCCCN
85581,N#CCNc1ccc(cc1)C
85589,CO[Si](C=C)(OC)C
85591,[O][N]c1ccc(cc1O)N(C)C
85597,COC1=CC(=O)CCC1
85598,OC1=NC(=O)N(CC1)N=O
85601,CC(=O)OC(=C)C(=C)C
85604,OC(=N)C1=Cc2c(C1)cccc2
85609,C=CCOCCOC(=O)C(=C)C
85610,COc1cccs1
85614,COC(=O)N(c1ccccc1C(=O)O)C(=O)C
85617,C=CC(=O)OC1CCCC1
85618,O=C(C(=C)C)OC1CCCC1
85623,CO[SiH](OC)C
85625,C=CCn1ccc2c1cccc2
85626,CC(=NCCN=C(C)C)C
85629,CCCCCCCCCCCCN(=O)=O
85631,C(CC1CCNCC1)CC1CCNCC1
85636,COc1cc(OC)ccc1/C=C/C(=O)O
85647,CCCCC#CC(=O)OCC
85648,N#Cc1c(OC)cccc1OC
85649,CCCC/C=C/COC(=O)C
85661,CCCCCCCCCC[C@H](N(C)C)C
85662,OC(=O)[C@@H](Oc1cccc2c1cccc2)C
85666,OC[C@@H](CC1=CC[C@@H](CC1)C(C)C)C
85668,CCCCOC(=O)[C@@H](c1ccccc1)O
85673,COC(=O)C[C@@H](C(=O)OC)CC
85677,CC(=CCC[C@H]([C@H](O)C)C)C
85678,CC(=O)OCC[C@@H]1CC[C@H]2C[C@@H]1C2(C)C
85682,N[C@@H]1[C@@H]2CC[C@H]1c1c2cccc1
85687,OC[C@@H]1CC[C@H](O1)O
85689,O=C1OC(=O)[C@@H]2[C@@H]1CCCC2
85695,OC[C@H]([C@H]([C@H]([C@H](CN(=O)=O)O)O)O)O
85697,CN(CCC[C@@H]1OC(c2c1cccc2)(C)C)C
85698,OC(=O)C[C@]12C[C@@H]3C[C@H](C1)C[C@](C2)(C3)C
85702,CCCC[C@H](C(OC)OC)CC
85710,CCCCC[C@@H](c1ccco1)O
85712,C=CC(=C)C[C@@H](CC(C)C)O
85715,N[C@H]1C[C@@H]2CC[C@H]1c1c2cccc1
85723,CSC[C@@H](CNN)O
85724,CC(=O)O[C@@H]1C[C@@H]2C[C@H]1[C@H]1[C@H]2CCC1
85725,CCN[C@H](Cc1ccc(cc1)OC)C
85728,OC(=O)[C@H]1CCc2c1cccc2
85729,CCOC(=O)[C@H](C(=C)C)C
85730,CC1=CC(=O)[C@H](O1)C
85734,C=CC(=C)C[C@@H](C=C(C)C)O
85735,O[C@@H]1[C@H]2CC[C@@H]([C@@H]1O)C2
85736,C[C@@H](OC(=O)CC#N)CC
85741,CCCCC(=O)OC([C@@H]1CCC(=CC1)C)(C)C
85750,C[C@H](CN(C1CCCCC1)C[C@@H](O)C)O
85753,C[C@@H](c1ccc(cc1)N)O
85758,CCOC(=O)[C@H](O[C@H](C(=O)OCC)C)C
85759,OCCOC[C@@H](CO)O
85760,C[C@@H](c1ccccc1)N=C=O
85763,OCCC[C@@H](CO)O
85769,OC[C@@H]1CCCOC1
85780,SC[C@@H](C[Si](OC)(OC)C)C
85783,C[C@@H]1C[C@H](CC(C1)(C)C)C(=O)C
85784,O=C1C[C@H]2C[C@@H]1[C@@H]1[C@H]2C=CC1
85785,CCCC[C@H](CCC[C@H](CCCC(C)C)C)C
85789,CCCCCCCCC[C@H](OC(=O)C)C
85790,C[C@@H]1CC(=O)c2c(C1)cccc2
85794,O[C@H]1[C@@H](N)Cc2c1cccc2
85796,OCc1c(CO)coc1[C@@H](N)C
85799,CC(=CCC[C@H]([C@H](OC(=O)C)C)C)C
85800,OC[C@@H]1C[C@@H]2[C@H](C=C1C)C2(C)C
85801,CC(=O)OC[C@@H]1C[C@@H]2[C@H](C=C1C)C2(C)C
85803,CCOC(=O)[C@@H]1CCC=CC1
85807,COC/C=C(/CC/C=C(/CCC=C(C)C)C)C
85811,C[C@H]1CCCC[C@H]1C(=O)O
85813,COc1ccc(cc1)[C@H](N1CCCC1)C#N
85815,COc1ccc(cc1)[C@H](N1CCCCC1)C#N
85817,O[C@@H]1CCCCCCCCCC[C@@H]1O
85819,OC(=O)/C=C/[C@@H]1C[C@@H]2C[C@H]1C=C2
85820,C1CC=C[C@@H](C1)c1ccccc1
85822,OC(=O)[C@@H]1NCSC1(C)C
85824,CCCCC1=CC[C@H](C1=O)C
85826,CCOC([C@H](c1ccccc1)C)OCC
85827,O/C(=N/Cc1ccccc1)/C=C/C(=O)O
85828,O=C1N(C[C@H]2OC2)C(=O)C(N1C[C@H]1OC1)(C)C
85830,CC(CCC[C@H]([C@H](O)C)C)C
85831,COC(=O)/C=C/C1=C(C)CCCC1(C)C
85833,N#CC[C@@H]1CC=C(C1(C)C)C
85837,CC[C@@H]1C[C@@H]2C[C@H]1C=C2
85838,CN(C[C@H]1CCCCC1=O)C
85839,CCCCCCOC(=O)/C=C/C(=O)O
85843,C[C@@]12OC(=O)C[C@H]2CCO1
85844,O=C1[C@@H]2O[C@@H]2C(=O)c2c1cccc2
85846,OCC1(CO)C[C@H]2C[C@@H]1CC2
85851,OCCN1C(=O)[C@@H]2[C@H](C1=O)CC=CC2
85852,O[C@@H]1CC[C@H]2O[C@@H]1CC[C@@H]2O
85854,CC[C@H](OC)CO
85855,CCCCCC/C=C/CC(=O)O
85857,OC(=O)/C=C/c1ccc(cc1)OC(=O)C
85858,O[C@H]1NC(=NCC1(C)C)O
85862,NCCC[C@@H](CN)C
85865,OC[C@@H](N(C)C)C
85866,C[C@@H]1CC(=O)N(C1=O)C
85868,COc1cccc(c1)[C@H]1CCCCC1=O
85875,COc1cc(C)c(cc1C[C@H](N)C)OC
85878,C1C[C@H]2[C@@H](C1)[C@@H]1C[C@H]2CC21OCCO2
85879,CC(=O)O/C=C(/[C@@H]1CCC(=CC1)C)C
85889,NC[C@]1(C)C[C@H](O)CC(C1)(C)C
85891,CC(=O)O[C@H](C#N)C=C
85892,c1ccc2c(c1)[C@H]1C[C@H]1C2
85902,OC[C@@H]1CCCC[C@@H]1CO
85903,OCC[C@@H]([C@@H]1CCC(=CC1)C)C
85905,OCCC(=C)[C@@H]1CCC(=CC1)C
85911,C=CCOC(=O)[C@H]1O[C@@H]1c1ccccc1
85914,OC[C@H](C(CO)(C)C)O
85916,C/C(=C[C](O)[NH])/N
85925,CCCC[C@H](CCC)CC
85926,CCCC[C@H]([C@H](CC)C)C
85927,CC[C@H](CC[C@H](CC)C)C
85931,C[C@@H]1C[C@@H](N)CC(C1)(C)C
85932,CC([C@H]1NC(=NCC1(C)C)O)C
85936,CC(CCOC[C@@H]1CO1)C
85942,CCCCCC[C@H]([C@H](CCCCCC)O)O
85945,O=C1[C@H](C)C[C@H]2C[C@@H]1C2(C)C
85960,C(CCOC[C@H]1OC1)CCCOC[C@H]1OC1
85971,NCCSC(=N)Nc1ccccc1
85973,OC(=O)[C@@H]1CC[C@@H]2[C@@]31CC[C@H](C3)C(C2=C)(C)C
85978,CCC/C(=CC)/O
85979,O=CC[C@@H](c1ccccc1)C
85980,CCCC[C@H](CC(=O)O[C@H](CC)C)C
85983,OC(=O)/C=C/c1ccc(cc1)/C=C/C(=O)O
85984,OC[C@H](CC(C)(C)C)C
85988,CCOC(=O)[C@@H]1CCCN1[N][O]
85992,CCCC[C@H](COC(=O)C(C)(C)C)CC
85996,CCCC[C@H]1CC=CC(=O)O1
85998,OCC[C@H]1[C@@H]2CC[C@H](C1(C)C)C2
85999,CCC/C=C/CCCC1=O
86000,CCCC/C=C/CCCC1=O
86003,O=C1CCC[C@H](O1)C1CCCC1
86014,CC1=CCC[C@H]1C
86015,C/C=C/C=C/COC(=O)C(C)C
86016,C/C=C/C=C/COC(=O)CC
86017,CCC[C@H](C(=O)OOC(=O)[C@H](CCC)C)C
86022,OC(=O)[C@H]1O[C@@H]1C(=O)O
86026,O=C1CC(C)(C)C(C(C1)(C)C)C(=O)C
86027,COC1=CC([C@@H](C(C1)(C)C)C(=O)C)(C)C
86030,N[C@@H]1NC=CS1
86037,NNC[C@@H](c1ccc(c(c1)OC)OC)C
86038,c1ccc(cc1)[C@H]1CC=Cc2c1cccc2
86040,O=C1CCC(CC1)[C@@H]1C[C@@H]2C[C@H]1[C@H](C2(C)C)C
86041,CCSC[C@H](O)C
86043,C[C@H](SC)CC(=O)O
86044,CCCCC[C@H](C=O)C
86046,OC(=O)[C@@]1(C)CCC=CC1
86049,CNC[C@@H](O)C
86056,C[C@@H]1C[C@H]2[C@@H](C[C@@H]1O)C2(C)C
86057,CN1CCC[C@@H]2[C@@H]1CCCC2
86061,CCC[C@H](C(=C)C)C
86062,CCC[C@@H](CC)N
86066,CCOC(=O)[C@@H]1CC1(C)C
86067,CCC[C@H](C(C)C)CC
86069,C=C1C(=O)O[C@@H]2[C@@H]1CCCC2
86071,O1C[C@H]1c1ccc(cc1)[C@H]1OC1
86072,O1C[C@H]1c1ccccc1[C@H]1OC1
86074,OC(=O)[C@H]1Cc2c(N1)cccc2
86075,OC[C@H]([C@H](c1ccc(cc1)SC)O)N
86078,N[C@@H](C(=O)OC(C)(C)C)Cc1ccc(cc1)O
86079,OC(=O)[C@@H]1CCCO1
86080,[NH]C(=[NH2])NCCC[C@H]1N=C(OC1=O)O
86081,OC(=N)CC[C@H]1N=C(OC1=O)O
86082,OC[C@H]1N=C(OC1=O)O
86083,C[C@@H]([C@H]1N=C(OC1=O)O)O
86084,OC(=N)C[C@H]1N=C(OC1=O)O
86088,CCC[C@@H]1O[C@H](CCC)[C@H]([C@H](O1)O)CC
86089,O[C@H](C1=CCCOC1)Cc1ccccc1
86092,COc1cc(/C=C/C(=O)O)cc(c1)OC
86093,O[C@@H](COC(=O)C(=C)C)COc1ccccc1
86094,CCCC(=O)OC/C=C/C=C/C
86108,CCCC[C@H](C(C)C)CCOC(=O)C
86111,CCC[C@@H]1CC(=C(O1)C)C(=O)OCC
86113,OC[C@@H]1C[C@@H]2C[C@@]1(C(C)C)[C@H]([C@H]2C)C
86115,CC(=O)OC[C@@H]1C[C@@H]2C[C@@]1(C(C)C)[C@H]([C@H]2C)C
86161,OC1=N[C@@H](C1)Oc1cccc2c1cccc2
86162,OC1=N[C@@H](C1)Oc1ccc(cc1)c1ccccc1
86186,CC[C@H](OC(=O)C=C)CO
86191,CC[C@H]([C@H](ON(=O)=O)C)C
86192,C[C@H](C(C)C)ON(=O)=O
86196,C=CCO[C@@]1(OCCN(C1)C)c1ccccc1
86198,CN1CCO[C@](C1)(OCC#C)c1ccccc1
86200,CCO[C@@]1(OCCN([C@@H]1C)C)c1ccccc1
86205,O=N(=O)O[C@@H](C(=O)C)C
86219,CC[C@H](CON(=O)=O)C
86232,NC[C@@H](NCCN1CCN[C@@H](C1)C)C
86238,CCC[C@H](Oc1ccc(cc1)N(=O)=O)C
86255,C[C@H]([C@@H](O)C)ON(=O)=O
86256,CC[C@@H](CON(=O)=O)O
86257,CC[C@H](ON(=O)=O)CO
86262,CSc1cc(SC)c(c(c1N)C)N
86271,Cc1cc(c(cc1NC(C)(C)C)N)C(C)(C)C
86272,Cc1cc(c(cc1N)NC(C)(C)C)C(C)(C)C
86274,Nc1c(C)c(ccc1C(C)(C)C)NC(C)(C)C
86287,OCC/N=c/[nH]cc(cc1C#N)c1ccncc1
86290,CC(=C)c1c(C)cccc1O
86302,COCCCOCCCOC
86311,O=Cc1ccc2c(c1)C(C)(C)[C@@H](CC2(C)C)C
86320,CCc1n(C)ccc(=O)c1O
86322,CCc1c(O)c(=O)ccn1CC
86344,CCCn1c(=O)n(C)c(=O)c2c1[nH]cn2
86349,CO[Si](OC(C)C)(CC(C)C)OC
86350,CO[Si](OC(C)C)(OC(C)C)CC(C)C
86364,Oc1c(C)csc1C
86366,C[C@@H]1CCC=NC1
86380,COCCn1ccc(=O)c(c1CC)O
86385,CC/C(=C/C(=O)C[C@@H](CC1=O)C(=O)O)/O
86399,C=C/C(=NCCCN1CCSCC1)/O
86410,C[C@H](CC1OCCO1)CCC=C(C)C
86412,CSC(=O)c1cccc2c1snn2
86413,Cc1c(N)ccc(c1NC(C)(C)C)C(C)(C)C
86420,CN([N][N]c1ccc(cc1)CCCC(=O)O)C
86428,NCCNCCCC(=O)c1ccccc1
86476,CCOC(=O)C(Oc1ccccc1)(C)C
86478,[NH]C(=[NH2])NCC[N]1([O])CCCCCCC1
86494,COC(=O)C[C@@H]1C[C@H](C1(C)C)C(=O)C
86499,OCCN1CCO[C@@]1(C)CC
86501,CCC(=O)[C@@H](CC)C
86502,COc1cc(/C=C(/N(=O)=O)C)cc2c1OCO2
86508,COC(=O)[C@H](C(=O)C)C
86510,C[C@@H]1CC=C(O1)C
86515,OC[C@H](COc1cccc(c1)OC)O
86517,CCC[C@H](C1OCCO1)C
86520,CN/N=C/C
86524,O[C@@H](c1ccccc1)CC#N
86525,C/C=C/CC1=C(C)[C@@H](CC1=O)O
86528,O=C[C@@H](N1C(=O)c2c(C1=O)cccc2)C(C)C
86534,C[C@@H]([C@@H]1CCCC=C1)O
86535,CC[C@@H](C1CCCCC1)O
86536,C[C@@H](c1ccccc1)N(C)C
86541,CCCC[C@H]([C@H](CCC)C)C
86544,CCCCCCC[C@H](C(C)C)C
86546,C[C@H](N(=O)=O)Cc1ccccc1
86547,CN(/C=C/[C@@H](N(C)C)C)C
86550,NC/C(=NC/C(=N[C@H](C(=O)O)C(C)C)/O)/O
86552,C/C=C/O[C@@H]1CC[C@H](CC1)O/C=C/C
86563,CCCCC[C@H](c1ccccc1O)CC
86564,CCCCCCCC[C@H](c1ccc(cc1)O)C
86574,OC(=N)O[C@@H]([C@@H](O)C)O
86577,CCOC(=O)[C@@H]1CCCC[C@@H]1C(=O)O
86578,CO[C@H]1NC(=NCC1(C)C)O
86579,CCC(=O)O[C@H]1C[C@H]2C[C@@H]1[C@@H]1[C@H]2C=CC1
86587,CO/C=CC(OC)OC
86591,C/C=C/C=C/C=C/C=O
86592,C/C=C/C=C/C=C/C(=O)C
86593,N#CC[C@@H](C#N)CC
86597,CC(=CC/C=C(/[C@@H]1CCC(=CC1)C)C)C
86599,COC(=O)[C@@H](OC)C
86603,COC(=O)[C@H]1[C@@H]2C=C[C@H]([C@@H]1C)C2
86607,CC[C@H](OC(=O)c1ccc(cc1)O)C
86608,CC(=CCC[C@@]1(C)[C@@H]2CC=C([C@H]1C2)C)C
86609,CC([C@@H]1CC[C@H]([C@]23[C@@H]1[C@H]2C(=CC3)C)C)C
86623,CCCCCCCC[C@H]1C=CC(=O)O1
86625,NC[C@]12C[C@H]3C[C@@H](C2)C[C@@H](C1)C3
86628,C[Si](N1[N][N][C@@H]2[C@@H]1[C@H]1CC[C@@H]2C1)(C)C
86636,C[C@H](c1ccccc1)CC(=O)C
86638,O=C1[C@@H]2CCC[C@H]1CCC2
86651,C/C=C/C(=O)OC(C)C
86653,CO[C@]1(C)C=C[C@](O1)(C)OC
86661,C=C[C@H]([C@H]1C=CCC[C@H]1C=O)C
86673,COCN1C(=O)N([C@@H]([C@H]1O)OC)CO
86680,CC([C@@H](c1ccc(cc1)C)O)C
86682,OCC[C@@H]1CCC=CC1
86691,CN(C[C@@H](OC(=O)C(=C)C)C)C
86692,CCN(C[C@H](OC(=O)C(=C)C)C)CC
86695,CC[C@H](c1ccccc1OC)C
86699,OC(=O)CC1=CCCCC1
86702,ONC1=C(N=O)CC[C@H](C1)C
86703,OC[C@H]1[C@@H]2CC[C@H](C1(C)C)C2
86704,CCC/C=C/OC(=O)C=C1
86706,CCOC[C@@H](COc1ccccc1)O
86707,O=C1[C@H]2C[C@@H]([C@H]1C)C(C2)(C)C
86708,C/C=C/C(=O)OCCOC(=O)/C=C/C
86732,CC(C[C@@H]1CCC(=O)O1)C
86733,CC(C[C@H]1OC[C@H](O1)C)C
86735,CCCCCCCCCCC[C@H](CC)C
86736,CCCCCC[C@@H]1CCOC1=O
86741,CC[C@H](OC(=O)[C@H](O)C)C
86743,CCCCCCCCCC[C@@H]1CC(=O)OC1=O
86748,C=C[C@@](CCCC(C)C)(O)C
86749,CC[C@@](CCC=C(C)C)(O)C
86750,CC[C@@](/C=C/C=C(C)C)(O)C
86751,CC[C@H](CCCC(O)(C)C)C
86752,C[C@@H]1CCC(=CC1)C(O)(C)C
86753,OC[C@@H]([C@@H]1CCC(=CC1)C)C
86755,OCC([C@H](C(C)C)OC(=O)C(C)C)(C)C
86758,OC(=O)[C@@H]1C(=O)[C@@]2(C([C@H]1CC2)(C)C)C
86759,S=C=N[C@H]1C[C@H]2C[C@@H]1CC2
86760,N[C@@H]1C[C@@H]2C[C@H]1[C@H]1[C@H]2CCC1
86765,C=CC(=O)OC/C=C/COC(=O)C=C
86767,CCCCCC[C@H](c1ccccc1O)C
86770,CC[C@H](C(=O)C(C)C)C
86772,C/C=N/NC(=O)C(=O)N/N=C/C
86773,N#Cc1ccc(cc1)/C=C/C(=O)O
86774,C[C@@H](OCC)OCC#C
86775,CC/C(=C/C=C/C(O)(C)C)/C
86776,CCCCCCCC[C@H](CO)C
86777,C[C@@H]1CCC(=C[C@@H]1O)C(C)C
86781,CCCC[C@@H](C(C)C)O
86782,CC[C@H](C[C@@H](CC)O)C
86783,CC[C@@H](CCC(C)C)O
86784,C[C@@H](c1ccccn1)O
86785,C[C@@H]1CC[C@H](C1)O
86786,CC(=O)C[C@H]1CCCCN1C
86799,CCCCC[C@@H]1COCC[C@H]1OC(=O)C
86808,C=CC(=O)O[C@H](CC(C)C)C
86818,O=C[C@@H](CC1=CC[C@@H](CC1)C(C)C)C
86819,OC(=N)C[C@]12C[C@H]3C[C@@H](C2)C[C@@H](C1)C3
86822,C1CO[C@@H](C1)COC[C@@H]1CO1
86826,CC(N(C[C@H]1OC1)C[C@H]1OC1)C
86835,N=C1NN=C([C@@H]1[N][N]c1ccccc1)O
86840,OC(=O)C1=CC[C@@H]2C[C@H]1C2(C)C
86841,CCC[C@@H](C(=O)O)/N=C(CN)/O
86842,C=CCO[C@@](c1ccccc1)(C(=N)O)C
86846,C[C@]12CC[C@H](CS1)C(C2)(C)C
86850,CC([C@@H]1CC[C@H]([C@@H](C1)O)C)C
86851,CC(CCOC(=O)[C@H](O)C)C
86852,CCCC[C@@H]1CCOC1=O
86854,C[C@@H]1CCNc2c1cccc2
86855,O=CC[C@@H](C(C)C)C
86856,COC[C@@H]1CCCO1
86859,COC(=O)[C@@H](c1ccco1)O
86860,OC(=O)[C@H](c1ccco1)O
86862,OC(=N)[C@@H](c1ccccc1)[C@H]1CCCCN1
86864,O=C[C@H]1C[C@H]2C[C@@H]1CC2
86868,C1C[C@@H]2[C@@H](C1)[C@@H]1C[C@H]2C=C1
86873,OCC[C@@H]1CCCN1
86876,C[C@@H]1CC[C@H]2[C@H](C1)C(=O)OC2=O
86877,C[C@H](c1c(C)cccc1C)O
86878,CC[C@@H](C(=O)O)/N=C(CN)/O
86881,COC(=O)c1ccc(cc1)/C=C/C(=O)O
86882,CCCCCCC/C=C/COC(=O)C
86883,C[C@](c1ccccn1)(c1ccccc1)O
86885,CN1CCC[C@H](C1)c1ccccc1
86888,CNCCCNCCCN
86896,CC[C]1[N]CCS1
86905,CCC[C@@]1(CCC(C)C)C(=N[C](=[N]=C1O)=O)O
86908,C=CCOCC(COCC=C)O
86921,CCCCOC(=O)CN=C=O
86929,Cc1ccc2c(c1)occ2
86932,CCCCOCC(C)C
86950,CCOC(=O)CC(=O)C(C)(C)C
86955,CSP(=O)(SCC#C)SC
86957,OC(=O)[C@H](c1cccc(c1)O)O
86962,OC(=O)CCCCC(=O)C(=O)O
86967,CCCCC(=C=O)CC
86972,CCO[Si](Cc1ccccc1)(C)C
86973,CCOC(=O)[C@@H]1CC[C@H](CC1)O
86975,COC(=O)Oc1ccc(cc1)N(=O)=O
86986,OC(=N)Cc1ccc(cc1)O
87005,CCOC(=O)C(C(=O)OCC)CCC#N
87008,OCC(OC(C)C)CO
87012,S1CSSSSS1
87019,C(Cc1ccncc1)Cc1ccncc1
87020,OC(=O)Cc1ccc2c(c1)OCCO2
87026,CCOC(=O)c1cc(OC)cc(c1)OC
87041,COC(=O)c1cc(ccc1O)N(=O)=O
87048,COP(OC)([S])N
87049,CCOP(OCC)([S])N
87050,Cc1cc2ccccc2cc1O
87051,COC1=CCOCC1
87061,Cc1nc2c([nH]1)N=[C](=[N]=C2O)O
87064,C1CCCC(=CCC1)N1CCOCC1
87065,N#Cc1ccc(c(c1)O)O
87067,O=C1OC(=O)C(C1)(C)C
87074,C#CC1(O)CCCC1
87079,N#CCCc1ccc(cc1)O
87083,CC(=O)OCc1cccc(c1)C
87085,CC(=O)OCc1ccccc1C
87092,C1CCN(CC1)c1c[nH]c2c1cccc2
87097,OCCN(C(=O)CO)CCO
87114,CCCCOC(=O)Cc1c[nH]c2c1cccc2
87117,COC(=O)[C@@H]1CC[C@H](CC1)O
87135,COc1ccc(cc1N)[C](O)[NH]
87137,COc1ccc(c(c1)N(=O)=O)C
87140,NOc1ccc(cc1N(=O)=O)N(=O)=O
87151,CC(=O)c1cn(c2c1cccc2)C(=O)C
87163,[NH]c1n[n]c(c([nH]1)C)C
87167,CCCCCCOCC=O
87170,CCOc1ccccc1OC
87182,CCOC(=O)[C@H](C(C)C)N
87185,CCN(c1ccc(cc1)O)CC
87196,Nc1ccc(cc1)NC(=O)c1ccccc1
87198,CCCc1nccs1
87204,Cc1ccc2c(c1)nc(c(n2)C)C
87206,SCCCS([O])([O])O
87209,O1CCOCC1
87236,CCCCCOC(=O)CC#N
87238,O=N(=O)C1=C(C(=O)O)C(=[N]=[C](=N1)O)O
87242,O=C1CCCCCS1
87243,OCCOC(=O)c1ccccc1C(=O)O
87244,CC[Si](OC(=O)C)(OC(=O)C)OC(=O)C
87250,Oc1ccc(cc1)C(=O)Oc1ccccc1
87251,C[S]([O])O
87255,S=C=NC(CC(C)(C)C)(C)C
87265,C#CCC1CCCCC1
87277,COCN/C(=NCO)/O
87278,N=C1CC(=O)N(C(=O)N1C)C
87280,CC(O[Si](OC(C)(C)C)(C)C)(C)C
87281,N#CCc1cnc2n1cccc2
87283,Cc1cccn2c1ncc2CC#N
87289,CC(=O)Oc1cccnc1
87295,Oc1ccc(cc1)Sc1ccccc1O
87298,C1CCC(CC1)N1CCNCC1
87302,CSCC[C@@H](C#N)O
87307,CC(c1cc2c([nH]1)cccc2)C
87311,O=C1CCC(=O)N1SC1CCCCC1
87314,CCOC(=O)CC(CC(=O)OCC)(C)C
87324,COCCOC(=O)/C=C/C(=O)O
87329,OCCCCOC=C
87335,Cc1ccc(c(c1)C(=O)c1ccccc1)N
87337,OOC(=O)/C=C/C(=O)OOC(C)(C)C
87338,CCOc1ncnc2c1nc[nH]2
87344,C#CC(O[Si](C)(C)C)(C)C
87346,OCC(C(=O)OC)(CO)C
87349,C=C[Si@H](c1ccccc1)C
87351,C[Si](OS(c1ccccc1)([O])[O])(C)C
87354,CC(=O)O[Si](c1ccccc1)(C)C
87370,CCCCCOCC
87372,COc1ccc2c(c1)c1CCNC(=O)c1[nH]2
87378,CCOC(=O)CC[Si](OCC)(OCC)C
87385,OCCCCCCC#N
87386,O=C(C(=C)C)OCC(N(=O)=O)(N(=O)=O)C
87388,Cc1ccc2c(c1)cc(c1c2cccc1)C
87389,Cc1ccc2c(c1)ccc1c2cc(C)cc1
87394,COCCO[Si](OCCOC)(C=C)C=C
87397,CC(=O)O[Si](c1ccccc1)(OC(=O)C)C
87409,C=C[Si](OC(C)C)(OC(C)C)OC(C)C
87419,CCP(=O)(SCC)SCC
87428,CC[Si](OC(C)C)(OC(C)C)OC(C)C
87436,C=CCCCN=C=S
87437,O=N(=O)c1ccc(cc1O)c1ccccc1
87442,CCCN(CC#N)CCC
87443,CCCCN(CC#N)CCCC
87446,Nc1cccc2c1[nH]nn2
87455,COc1c(C)cccc1O
87462,Oc1cccc2c1nc1ccccc1c2
87466,CCCc1cnccn1
87471,C=CCO[Si](C)(C)C
87484,C=CCN1C=C[CH]C(=C1)S([O])([O])[O]
87486,CCO[SiH3]
87487,CCO[SiH2]OCC
87488,NC[Si](C)(C)C
87495,COCCO[Si](C)(C)C
87498,NCCC[Si](C)(C)C
87512,c1ccc(cc1)c1cnns1
87519,CCOC(CC#CCC)OCC
87525,C=C[Si](C=C)(C=C)C
87536,OCC/N=C(CC)/O
87537,CCOC(=O)CC(O)(C)C
87539,CC[Si](OC(=O)C)(OC(=O)C)CC
87541,C[Si](n1cccc1)(C)C
87542,C/N=C(CS[P@@](OC)([S])C)/O
87555,N#CCCC[Si](O)(O)C
87556,N#CSC[Si](C)(C)C
87557,N#CC[Si](C)(C)C
87558,C[Si](N1[N]C=N[CH]1)(C)C
87559,CO[Si](CC(C)C)(OC)C
87560,CCCC(C=O)CCC
87562,O/C(=N/[Si](C)(C)C)/N[Si](C)(C)C
87571,C1CN2CN1CN1CCN(C2)C1
87575,NCCC[Si](OCC)(C)C
87582,CCC/C=C/C(OC)OC
87587,CCNCC(=C)C
87588,CN(CCCn1sc2c(c1=O)cccc2)C
87589,C[Si]1(C)OCCOCCOCCO1
87597,CC(C(=O)CC(=O)C(C)C)C
87598,CCCCC(=O)OC(C)C
87599,C[Si]([SiH3])(C)C
87602,Cc1ccnc(c1)N(=O)=O
87605,CCC(CO)(CC)C
87606,CCC(=O)OCC(COC(=O)CC)O
87616,CCOC(OCC)CCC#N
87619,CC(=O)OCCC[Si](C)(C)C
87620,CCO[Si](CC=C)(OCC)C
87630,CCCCCCC/C=C/CO
87631,CCC/C=C/C=C/CO
87632,CCCCC/C=C/C=C/CO
87637,CCCc1nc(C)cnc1C
87643,CCCc1ccc(c(c1)C)O
87644,Cc1cnc(c(c1C)C)C
87645,Cc1cc(C)c2c(n1)c(C)ccc2
87646,C[C@@H]1CC[C@H](CC1)[C@H](O)C
87647,COC(=O)C1=CCCCC1
87651,CCC[C@H](C[C@@H](CO)C)C
87653,NCCc1nccs1
87655,CCOC(=O)CC(=O)O[Si](C)(C)C
87671,CCC(=C)CCCC(O)(C)C
87678,N1CCC(CC1)CCCc1ccccc1
87682,CC(OC(N(C)C)OC(C)C)C
87683,CCCCOC(N(C)C)OCCCC
87688,OCC(C=O)(CO)C
87689,CCCCCCCCCC(=C)C
87693,C=CC(=O)OCCCN(C)C
87697,CSCCN
87700,O=CCCOC(=O)C
87709,Cc1cc(=O)c2n([nH]1)cnn2
87710,O=c1cc([nH]n2c1nnc2)c1ccccc1
87711,C/C(=Nc1nnc(cc1O)C)/O
87712,Cc1ccc(=N)[nH]n1
87713,Cc1nnc(c(c1)O)N
87714,COC1CCC1
87735,[O-][n+]1ncc2c(c1)cccc2
87736,COc1cc(CN)cc(c1OC)OC
87742,C/N=C(Oc1ccc(cc1C)C(C)C)/O
87745,N#CCCOCCCCOCCC#N
87749,CC1(C)[C@H]2CC[C@]3([C@@H]1C2)CO3
87755,N#Cc1ccccc1CC(=O)O
87757,CCCO[P@@](=O)(c1ccccc1)OCC#C
87760,CN(CCSC(=O)C)C
87762,OCCCSCC
87765,O=C(C1CCCCC1)Oc1ccccc1C
87766,O=C(C1CCCCC1)Oc1cccc(c1)C
87769,COC(=O)CCP(=O)(OC)OC
87773,C=CCc1ccc(c(c1)OC)Oc1ccccc1
87779,CCCP(=O)(OC)OC
87784,CC(=O)n1nnc2c1cccc2
87793,CCCCCCc1cccs1
87798,Cc1c(C)cccc1S
87799,Sc1ccc(c(c1)C)C
87800,CC(c1ccc2c(c1)cc1c(c2)cccc1)(C)C
87801,NC1=NN=[C](=[N]=C1O)O
87802,N[C@H]1NC(=N)Nc2c1[nH]c(n2)[NH]
87817,CSc1nnc(c(=O)n1N)C
87828,CCCCOCCOCC=C
87835,COC(N(C)C)(OC)C
87841,ON1C(=[N]=C(c2c1[nH]cn2)O)[NH]
87843,O=C=Nc1cccc(c1)OC
87844,CCc1ccccc1[C@H](c1ccccc1)C
87847,COc1ccc(cc1)CO/C(=N/N)/O
87849,C=CCN(C(=S)S)CC=C
87853,CN(C(=O)Cc1ccccc1)C
87855,N#CCCN(c1cccc(c1)C)CCC#N
87859,CCCCC#CC(=O)OC
87860,CCCC#CC(=O)OC
87862,CCCCSC(=[NH2])[NH]
87874,CCCc1ccc(cc1O)O
87875,CCCCCCCc1ccc(cc1O)O
87876,CCCCOc1cccc(c1)O
87884,N#CC(N(=O)=O)(C)C
87889,Oc1cccc(n1)c1ccccc1
87894,O=Cc1cn(c2c1cccc2)C
87895,CCOC(=O)c1ccc(c(c1)N(=O)=O)O
87900,CCc1ccnc2c1cccc2
87906,CC1(C)CC=CC1
87909,Cn1c2N=[C](=[N]=C(c2n(c1=O)C)O)O
87919,OCC(CN(C)C)(C)C
87920,NCCC(OC)(OC)C
87927,CC/C=C/CCC(=O)C
87928,C=CC[S@](=O)c1ccccc1
87934,CCN1C(=O)CC2(C1=O)CCN(CC2)C
87938,C#CCC1(O)CCCCC1
87945,CN(CC(N(=O)=O)(C)C)C
87947,CC(=CCC[C@H](OC(=O)C)C)C
87952,N#Cc1cc(O)cc(c1)O
87957,OC(=O)/C=C/C(=O)OCCOC(=O)C=C
87958,OC(=N)C/N=C(CC(=O)C)/O
87961,N=C1SCCS1
87962,CC(=O)CNC(Cc1ccccc1)(C)C
87963,CCOC(=O)n1cncc1
87965,Cc1oc2c(n1)cc(c(c2)C)C
87974,CC(OCCOC(=O)C)C
87976,S=C=Nc1c(C)cccc1C
87978,CC(=CN1CCN(CC1)C=C(C)C)C
87979,COC(=O)N(C(=O)OC)C#N
87980,CCc1cc(O)c(cc1C(C)(C)C)C(C)(C)C
87983,NN(CC(=O)O)CC(=O)O
87985,C/C=C(/COC(=O)C)C
87998,CCOC(=N)CC(=O)Oc1ccccc1
88004,Oc1ccc2c(c1)scc2
88015,CC1(C)NCCS1
88016,C/C(=NCc1cccc2c1cccc2)/O
88017,CC(=C)C(=O)Oc1cccc2c1nccc2
88020,COc1c(sc2c1cccc2)C(=O)O
88022,N#CC(N)(C)C
88024,OC(=O)COc1ccc(cc1)C(=O)O
88025,C=Cc1ccccc1
88026,Cn1cccc(c1=O)O
88030,CCCCSCCC=O
88038,CCC(C(CC)CC)CC
88039,CCCCC/C=C/CCC
88043,OC(=N)c1ccc(c(c1)N)C
88050,[NH]C(=[NH2])CSP(=O)(O)O
88052,O/C=N/[C@H](C(=O)O)CC(=O)O
88055,COC(=O)Cc1cccs1
88058,CCN(c1cc(ccc1OC)/N=C(/O)C)CC
88060,O=Cc1ccccc1Oc1ccccc1
88062,CCNCCCCNCC
88064,C/C(=N[C@H](C(=O)O)C)/O
88068,COC(=O)c1cccc(c1)O
88069,Cc1ccc2c(c1)C(=O)OC2=O
88072,CN(C1OCCO1)C
88073,CN(C1OCCCO1)C
88078,CC(=O)OC[C@@H]1CC[C@H](CC1)C(C)(C)C
88082,CCNCCCN(C)C
88083,NCCCN(CCCN(C)C)C
88084,NCCCNCCCNCCCN(C)C
88085,[N][N][CH]c1ccc(cc1)N(=O)=O
88087,N1CCN(CC1)CCN1CCNCC1
88088,C=CCC(=O)OC=C
88095,COCC(=O)OC(=O)COC
88096,CCOC(=O)C(C(=O)OCC)CCC=O
88098,NCCNC(C)C
88099,CCOc1ccc2c(c1C=O)cccc2
88104,CCOc1ccccc1C(=O)N1CCCCC1
88129,CCCC(/C(=NO)/O)CCC
88149,CC(CCC(=O)C(C)C)C
88150,CCC/C=C/C(C)(C)C
88151,CC/C(=C(/CC)C)/C
88153,[N]=[N]=NC1CCCCC1
88169,N#Cc1ccc(c(c1)C#N)N
88172,CCCCCCCCOC1=[N]=C(NC(=N)N1)[NH]
88185,CCc1cccc2c1nccc2
88193,Cc1cc(=O)n(c(n1)O)C
88195,COCCOCCOCCOCC=C
88201,CCC([N][N]C(CC)(C)C)(C)C
88206,OCN1CNCN(C1=O)CO
88211,OCCCS
88214,COC(=O)C(=C1SCCS1)C(=O)OC
88220,CC(O[C]([N]/N=C(OC(C)C)/O)O)C
88226,COC(=O)COCO
88229,C=COCCCCCCOC=C
88232,N#Cc1c(C)nc2n1cccc2
88241,CCCCC(CC)(CC)O
88242,CCC1=C(C)CCCC1
88243,CCC1=C(C)CCC1
88245,COC(=O)c1noc(c1)C
88247,C=Cc1ccccc1C(C)(C)C
88250,COC[C@H](C(=O)O)N
88251,COC[C@H](C(=O)O)N
88255,OC(=N)C1=CC(NC1(C)C)(C)C
88258,Cc1cc(O)nc(n1)N(C)C
88261,OCCCCCCCCCCCCCCO
88267,OCCc1ccccc1C
88268,CC1=CCC(C(=O)CC1)(C)C
88273,OC(=O)c1ccc(c(c1O)O)C(=O)O
88276,O=c1[nH]ccnc1C
88277,Nc1ccc2c(c1)nc(cc2C)O
88290,CC(=O)CC(S)(C)C
88294,CCN(CCOc1ccc(cc1)N(=O)=O)CC
88299,C/C(=Nc1c(N)nc(n(c1=O)C)O)/O
88301,OCC1=CC[C@H]2C[C@@H]1C2(C)C
88302,C=C1[C@H](O)C[C@H]2C[C@@H]1C2(C)C
88303,CC1(C)[C@@H]2C[C@H]3[C@]([C@H]1C2)(C)O3
88310,N#CCc1cccc(c1)OC
88313,CCOP(=O)(C(C)(C)C)OCC
88317,Cc1noc(c1C)N
88318,CCNC(C)C
88322,OCCCN1CCCN(CC1)CCCO
88324,CSC1=NCCS1
88325,CC/C=C/O[Si](C)(C)C
88326,C[Si](OC1=CCCC1)(C)C
88327,OC(=O)[C@@H]1CS[C]([N]1)c1ccccc1
88328,CN([N][N]c1cccnc1)C
88332,CC1=CCCC(C1=O)(C)C
88336,[NH]c1n[n]c2c([nH]1)cccc2
88337,OC(=O)c1ccc(cc1)C1CCCCC1
88339,COCCCNc1cccc2c1cccc2
88345,CCCCCc1cccc(c1)O
88349,NCc1ccc(cc1)OCCN(C)C
88350,CCCCC/C=C/CC
88356,ONC(=O)c1ccc(cc1)C(=O)NO
88359,COCn1cncc1
88362,CCOC(C(=O)CC)OCC
88363,N[C@H]1CC[C@@H]2N(C1)CC[C@@H]2OC(=O)C
88369,CS[C]1[N]CCN1
88370,COC(=O)c1cc(C)ccc1C(=O)OC
88372,CCOC(=O)CCN(C)C
88375,O=C1CCCC2(O1)CCCC2
88378,OCC(c1ccc(c(c1)OC)OC)CO
88385,CCN(C(=O)c1ccc[n+](c1)[O-])CC
88386,CC(=O)OCCOC(=O)C(=C)C
88393,CNCc1cccnc1
88397,OC(=O)NC1CCCCC1
88398,CCNCCC
88399,CCCNCCCC
88402,OC1=NCCSC1
88406,CCOC(=O)C(=O)C(C)C
88410,NCCOCCN1CCOCC1
88412,CCC/C(=NCC(=O)O)/O
88420,Cc1ccc2c(c1)CC=C2
88423,CN([N][N]c1ccccc1C)C
88424,CN([N][N]c1cccc(c1)C)C
88426,CN([N][N]c1cccc(c1)N(=O)=O)C
88442,O=C(C(C)(C)C)OCCOC(=O)C(C)(C)C
88444,OC(=S)C(=S)O
88445,CCCCCSC(=[NH2])[NH]
88451,CC(COC(=O)CCC(=O)O)C
88454,CCCCCCOC(=O)CC
88457,CC(c1cccc(c1)c1ccccc1)C
88464,CC(C(=O)N1CC1)C
88467,COC(=O)CCCCCC(=O)O
88468,Cc1ccc2c(c1)c1cccc(c1cc2)C
88473,Cc1ccc2c(c1O)CCC2
88474,Cc1cc(O)c2c(c1)CCC2
88475,Oc1ccc2c(c1C)CCC2
88476,Oc1cc2CCCc2cc1C
88477,Oc1cc(C)c2c(c1)CCC2
88480,CC(=O)O[C@@H]1CCCC[C@@H]1C(C)(C)C
88483,C/N=C(CC(=O)C)/O
88491,COc1cc(NN)ccc1OC
88499,OC1=Nc2c(OC1)cccn2
88500,Cc1ccc(c(n1)N)O
88505,COc1cc(N(=O)=O)c(cc1OC)C=O
88508,COCOC(=O)C(=C)C
88511,CCCOc1ccc(c(c1)N(=O)=O)/N=C(/O)C
88512,CCCOc1ccc(c(c1)N(=O)=O)N
88516,CC(N(C(=O)c1ccccc1)C(C)C)C
88523,CCOOC(C)(C)C
88529,COC(=O)c1coc(c1)Cc1ccccc1
88544,C=C[S@](=O)c1ccccc1
88550,CCSC(C(=O)OCC)SCC
88555,COc1cc(C)cc(c1C)C
88556,C=C[C@@]1(C)CC[C@H](O1)[C@H](C(=O)CC=C(C)C)C
88558,CCOC(=O)c1ocnc1C
88560,Cc1cccc2c1OCO2
88561,CCC(=O)OC(C)(C)C
88562,Cc1ccc2c(c1)C(=O)C(=C(C2=O)C)C
88566,CCOP(=O)(COCC=C)COCC=C
88580,CCCCCCC[C]1[N]CCN1CCN
88600,COC(=O)C(=O)CC(=O)C
88601,Cc1c(C)cncc1C
88603,OCCOCCOC(=O)c1ccccc1
88607,CCCCSCC(=O)O
88608,O[C@@H]1CC[C@H](CC1)[C@@H]1CC[C@H](CC1)O
88610,O/C=N/[C@H](/N=C/O)C
88611,CN(CCCOC(=O)C(=C)C)C
88612,C=C/C(=NC(=O)C=C)/O
88613,CC(=C)[C](/N=C(/O)[NH])O
88614,CCCCCOC(=O)C(=O)OCCCCC
88615,OCCN1CCCCCC1
88616,CCCc1cccc[n+]1[O-]
88625,S=C1OCCO1
88626,OC(=N)N(c1ccccc1C)C
88639,Cc1occ(n1)c1ccccc1
88644,Cc1cc2ncccc2cc1C
88645,Cc1ccc(cc1)P(C)C
88646,CNCC(OCC)OCC
88651,COC(=O)CCC1CCCCC1
88653,O=C1CCCN1C(C)(C)C
88655,O=C[C@@H]1CC[C@H](CC1)C(C)(C)C
88659,NCCNCCCSP(=O)(O)O
88666,COCC(N)(C)C
88667,CCC(=O)OCC(=C)C
88668,Cc1c[nH]c(=O)cn1
88674,CCCN(CCC#N)CCC
88675,CN(c1cccc2c1c(ccc2)N(C)C)C
88693,CC(=O)O[C@]1(C)CC[C@H](CC1)C(=C)C
88703,O=CC(O)(C)C
88705,Cc1cc(C)c(c(n1)C)C
88710,Cc1ccc(cc1)CC(O)(C)C
88714,[O][N]C1C(=O)c2c(C1=O)cccc2
88723,COC(=O)c1cnc([nH]1)O
88730,Cc1ccc(cc1)Oc1ccccc1N
88731,COc1cccnc1O
88739,Cc1cc(ncc1)C#N
88747,N1CCN(CC1)c1ncccn1
88750,CCSCC(=O)C
88757,CNCc1ccccn1
88771,C/C/1=C/CC/C(=CCC/C(=C/CC1)/C)/C
88773,Cc1ccc2c(c1)c1c([nH]2)ccc2c1cccc2
88779,c1ccc(cc1)SCCc1ccncc1
88786,COC1=CC(=O)C(=O)C=C1OC
88787,Cc1ccc(cc1)COC(=O)c1ccc(cc1)C
88788,CCCc1nnc(n(c1=O)N)SC
88789,CSc1nnc(c(=O)n1N)CC(C)C
88792,COc1ccc(c(c1)C(C)(C)C)OC
88804,O[C@H]1CN([C@@H](C1)C(=O)O)C(=O)OC(C)(C)C
88806,O=N(=O)c1c(cccc1C(=O)O)C(=O)O
88825,CNCC(=O)c1ccc(cc1)O
88833,Oc1ccc(cc1CN1CCCCC1)C
88835,O=c1oc(c(o1)c1ccccc1)c1ccccc1
88836,CC(CCOC(=O)c1ccc(cc1)N(C)C)C
88855,CC(=O)CC(=O)OCCOC(=O)C(=C)C
88862,c1ccc(nc1)c1cscc1
88865,C[SiH](N(C(=O)C)[SiH](C)C)C
88867,O=c1[n]cnc2c1CNN2c1ccccc1
88877,O=Nc1ccccc1/N=C(/O)C
88886,OCC(COC)(CO)C
88889,C1CCN(C1)C1=Cc2c(CC1)cccc2
88901,Nc1cccc2c1n[nH]c2
88915,Cc1cccc(c1)/N=C(c1c[nH]c(=N)s1)/O
88922,CCc1cnc([nH]1)N(=O)=O
88923,CCCc1cnc([nH]1)N(=O)=O
88939,Cc1coc2c1cccc2
88947,C=CCCCCCC=O
88955,OCCOC(=O)CCC(=O)O
88966,CCN(c1ccccc1)CCC(=O)OC
88975,OC(=O)CC1=CCCC1
88997,CC(OP(=O)(CC#N)OC(C)C)C
88999,O=CCCCCC/C=C/CC
89010,N#CCCNc1cccc(c1)/N=C(/O)C
89013,CCOC(=O)CC(=O)c1ccc(nc1)C
89015,O=C(OC1CCCCC1)OOC(C)(C)C
89016,O=C([C@H](N)C)OC(C)(C)C
89019,NCCNc1ccccc1C
89020,COC(=O)[C@H](N)C
89021,CCc1cccc(n1)N
89022,CC[N][C]1=N[C](NC(=[N]=1)OC)NC(C#N)(C)C
89023,CO/C(=NC#N)/O
89025,OCC/N=C(c1cc(O)cc(c1)O)/O
89030,OC(=O)CN1[N]N=C[N]1
89031,OC(=O)Cc1n[nH]nn1
89032,O=C1COc2c(N1C)cccc2
89033,CCCN1C(=O)C=CC1=O
89046,N#Cc1ccc(cc1C)C
89048,COc1cc2CCN(C(=O)c2cc1O)C
89050,N#CCc1c(C)nc2n1cccc2
89051,N#Cc1cnc2n1cccc2C
89053,Cc1nc2n(c1CC(=O)O)cc(cc2)C
89059,OC(=N)Cc1cnc2n1cccc2
89061,OC(=N)c1c(C)nc2n1cccc2
89062,OC(=N)c1cnc2n1cccc2C
89075,OCCN(c1ccc(c(c1)C)C=O)CC
89077,OCCCCC(=O)C
89079,CN1C=C[CH]C(=C1)S([O])([O])[O]
89084,CC(=O)CCC(=O)OC(C)C
89095,OC(=O)Cc1cccn1C
89097,O=N(=O)c1cnc(c(c1)C)O
89099,OC(=O)c1cnnc2c1cccc2
89118,O=C1OCCOC(=O)CC1
89119,CCCNC(C)C
89124,CC(=C)C(=O)OCO
89125,CCOCCOC(=O)C(=C)C#N
89144,OC(c1c(C)cccc1C)c1c(C)cccc1C
89145,N#CN1CCN(CC1)C#N
89146,CC(=O)OCC(OC(=O)C)(C)C
89147,Cc1ccc2c(c1)C(=O)CCC2
89148,Nc1ccc2c(c1)OCCO2
89153,Cc1nn(c(c1)OC(=O)N(C)C)C(=O)N(C)C
89156,CCCCCCCC(=O)CCCCC
89159,COc1ccc(cc1)CC(=O)C(=O)OC
89160,NCCNCCNCCNCc1ccccc1
89167,COC(=O)CCN1CCCC1
89176,O=C(N(C)C)CCN1CCCC1
89178,OCCOc1ccc(cc1)C=O
89179,O=Cc1c(C)nn(c1C)c1ccccc1
89180,CC(C[C@H](CC(=O)C)C)C
89181,CC[C@H](C(=O)[C@H](CC)C)C
89183,CC(C[C@@H](C(C)C)O)C
89184,CC[C@H]([C@H](C(=O)C)C)C
89185,C[C@@H]1CC=C(C1)C
89187,COc1cc(ccc1OC)C[C@@H](O)C
89193,O[C@H]1C=C(C)C(=O)C(C1)(C)C
89194,CCOC(=O)N1[C@@H](OC)C=Cc2c1cccc2
89197,N#C[C@@]1(C)CCCO1
89208,C[C@@]1(CCCNC1)c1ccccc1
89209,CCNC[C@@H](CO)O
89213,CCOC[C@H](C(=O)OCC)C
89217,NC[C@@H](N(C)C)C
89222,CCC[C@@H](C(CC)CC)O
89223,CC[C@H](CC#C)O
89224,CCC[C@@](CCC(C)C)(O)C
89225,CCC#CC[C@H](O)C
89226,O=CC[C@@H](CC(C)C)C
89227,N1CC[C@H](OC1)c1ccccc1
89232,O=C1CC[C@H](c2c1cccc2)C
89233,COC(=O)[C@@](c1ccccc1)(C1CCCC1)O
89235,NCCC/C(=N[C@H](C(=O)O)Cc1cnc[nH]1)/O
89238,c1ccc(cc1)CN1CCC2(CC1)OC2
89239,C/C=C/O[Si](C)(C)C
89242,O[C@@H]1C[C@@H]2[C@H](C[C@@]1(C)O)C2(C)C
89244,OC(=O)[C@H](c1ccc(cc1)N(=O)=O)C
89245,CC[C@H](OC(=O)OOC(=O)O[C@H](CC)C)C
89250,C=CC(=C)[C@@H]1CCC(=CC1)C
89257,CC(=O)[C@H]1C[C@@H](CCC1=O)C(C)(C)C
89261,COC(=O)C[C@@H]1CCC=C1
89264,C[C@H]1CC=C(C(=O)[C@@H]1C)C
89267,C[C@@H](C/C=C(/C(=O)C)C)CCC=C(C)C
89269,OCC1=CN=C(C(C1=O)(CC)CC)O
89270,OC(=N)[C@@H]1CC[C@H](CC1)C(=N)O
89274,CCCC[C@@H](/C=C/C)O
89280,C[C@@H]1CCC(=C(C1)OC(=O)C)C(C)C
89284,CCCCCCC/C(=Cc1ccccc1)/C=O
89285,C[C@@H]1CCO[C@H](C1)CC(=O)C
89299,C[C@@H](CON(=O)=O)O
89300,OC[C@@H](ON(=O)=O)C
89303,CC[C@H]([C@H](CC(C)C)C)C
89304,CC[C@H]([C@H]([C@H](CC)C)C)C
89305,c1ccc2c(c1)c1cccc3c1[C@@H]2CCC3
89307,CCCCC[C@H](OC(=O)CCC)CC
89308,N[C@H]1N=CN=C2[C]1C=N[N]2
89310,C[C@@H]1CCc2c1cccc2O
89311,C[C@@H]1Cc2c(C1)cccc2O
89312,Oc1ccc2c(c1)CC[C@H]2C
89313,Oc1ccc2c(c1)[C@@H](C)CC2
89315,CC(=O)O[C@H]1CCC[C@H](C1)C(C)(C)C
89316,C=C[C@]1(C)CCC(=C[C@@H]1C(=C)C)C(C)C
89334,CCOC(=O)[C@@H]1C[C@H]1C=O
89335,C/N=C(O[N][C]1CCC[C@@]1(C)C#N)/O
89336,C/N=C(O/N=C/1CCC[C@@]1(C)N(=O)=O)/O
89342,CCN/N=C/C
89353,C[C@]1(O)OO[C@@](C1)(C)O
89354,CCC/N=C/C
89357,CCCCCC[C@H](CO)CC
89364,OCN1C(=N[C@@H]([C@H]1O)O)O
89366,[NH][C]([C@H](Cc1c[nH]c2c1cccc2)N)O
89369,O/N=C/C=C/c1ccccc1
89375,O=C[C@H](C[C@H]1C[C@H]2C[C@@H]1CC2)C
89378,CO[C@H]1COCCO1
89381,N[C@@H](C1=CCC=CC1)C(=O)O
89382,C[C@@H](CCOC(=O)C=C(C)C)CCC=C(C)C
89383,CC(=O)O[C@@H]1C[C@@H](CC[C@H]1C)C(C)C
89385,CC[C@](OC(=O)C)(CCCC(C)C)C
89389,N#C[C@H](COc1cccc2c1cccc2)O
89394,OC[C@H]1CCCCN1C
89405,CCOC(=O)[C@@H]1C[C@H]1C
89407,C[C@H](CN1CCO[C@H]1C(C)C)OC(=O)C
89408,C1CC[C@@H](OC1)Sc1ccccc1
89416,CCN[C@@H](CC)C
89420,C[C@H](c1ccccc1)CC1=NCCNN1
89423,CC/C=C/OC(=O)C=C1
89428,CCCCCC[C@@](CC)(O)C
89429,CCCCCCCCC[C@@H](CCCC)O
89432,C/C/1=CCC/C(=CCC/C=C(CC1)/C)/C
89435,OC(=O)[C@H](c1cccs1)N
89436,CCCCCCCCCCCC[C@@H](CO)O
89437,CC([C@@H]1CC[C@@](CC1)(C)O)C
89443,CC[C@H](c1cccc(c1N)[C@H](CC)C)C
89459,CNC/C=C(c1ccccc1C)/c1ccccc1
89460,O=C1C[C@]2([C@](C1)(C)CC(=O)C2)C
89465,OC[C@H]1OC=C[C@@H]([C@@H]1O)O
89466,O=C1CC[C@@H]2[C@@H](O1)CC[C@H](C2)C(C)(C)C
89467,C[C@]12O[C@@H]2C[C@H]2[C@@H](C1)C2(C)C
89471,CCO/C(=N/OC)/C
89477,OC(=O)[C@@H]1CN=C(N1)O
89480,COC(=O)[C@]1(C)CCC(=CC1)CCC=C(C)C
89486,O=C1CCC[C@H]2[C@@H]1CCCC2
89487,CC1=C[C@@H](CCC1)O
89488,O=CC1=CC[C@@H](CC1)C(C)C
89497,C[C@@H]1CC[C@H]([C@H](C1)N)C(C)C
89500,CCOC(=O)[C@H](c1cscc1)C#N
89501,CC[C@@H]1OCC[C@H](O1)C
89509,CC(=O)N1CCN2[C@H](C1)CCc1c2cccc1
89512,NC[C@@H]1CCC[C@@H]1N
89515,C[C@@H](CNC(Cc1ccccc1)(C)C)O
89516,C[C@@H]1CCCc2c1cccc2C
89517,CCC[C@@H](CC(C)C)O
89518,CNC[C@@H](C1CCCCC1)O
89521,C[C@@H](CC(N)(C)C)N
89528,C[C@H]1C[C@@H]2C[C@H]1[C@@H]1[C@@H]2[C@H]2C[C@@H]1C=C2
89532,C[C@H]1CCC2=C(C)CC[C@H]3[C@H]([C@H]12)C3(C)C
89538,C[C@@H]1CC(=C(C1=O)O)C
89539,C[C@@H]1CC(=O)C(=C1C)O
89540,C[C@@H](CN1CO[C@@H](C1)C)O
89543,C[C@H](c1ccc(cc1)O)C#N
89547,O=C1CCC[C@@]2([C@H]1O2)C
89551,CC[C@]1(O)[C@@H]2CCC[C@H]1CCC2
89553,OC[C@H]1O[C@@H]1c1ccccc1
89554,OC(=O)[C@@H]1CCC[C@@H]1C(=O)O
89555,O=C1[C@]2(C)CCC[C@@]1(C)CC2
89559,CCCCC[C@@H]1OC(=O)C=C1
89560,CCCCCC[C@@H](C=C)O
89562,C[C@@H]1C[C@@H](C)N[C@@H](C1)C
89563,CCC[C@H](ON(=O)=O)C
89564,CCCC[C@H](ON(=O)=O)C
89569,CCC[C@@H](C(CO)(C)C)O
89570,CCCCCC[C@H](OC(=O)C)COC(=O)C
89573,Cc1cccc(c1)Oc1cccc(c1)C
89575,Cc1sc2c(n1)ccc1c2cccc1
89578,CN(C/C(=Nc1c(C)cccc1C)/O)C
89580,CCOCC=O
89582,CC(=O)On1c(=O)nc(c2c1[nH]cn2)O
89583,[NH]C(=[NH2])NCCCSS([O])([O])O
89584,O=CC1CCN(CC1)Cc1ccccc1
89590,COCc1ccc(cc1)C(=O)C
89601,COc1ccc(cc1C(=O)O)S(=O)(=O)N
89614,CCCc1nc(cc(n1)C)N(CCO)CCO
89620,CN1CCN=C(N1)Cc1cccc2c1cccc2
89621,c1ccc(cc1)Sc1ccc2c(n1)cccc2
89630,CN1CCN=C(N1)CCc1ccccc1
89638,c1ccc(cc1)C1Cc2c(C1)cccc2
89643,OC(=O)C1(N)CCC1
89645,O=C1OCC(=C1)Nc1ccccc1
89646,O=[C]1=[N]=C([C@H](C(=N1)O)c1ccccc1)O
89652,COC(=O)c1sccc1N
89653,C/C(=Nc1cccc2c1cccc2O)/O
89655,O=C(c1ccccc1C)OOC(C)(C)C
89666,OCc1cc[n+](cc1)[O-]
89668,CCCCCC(=O)CC(=O)OC
89669,CCCCCCCC(=O)CC(=O)OC
89673,O=C1CCC=C1C1CCCC1
89675,C/N=C(CN)/O
89683,COc1cc(C)c(c(c1OC)OC)C=O
89685,Cc1nnc(c(c1)O)N(C)C
89686,Oc1cc(C)nnc1N1CCOCC1
89687,Cc1nnc(c(c1)O)O
89692,N#CCCOCCN(C)C
89693,N#CCCOCCOCCOCCC#N
89694,CC1(C)CCC(C)(C)OOC(OO1)(C)C
89706,CCCCCCCCC(=C)C=O
89708,Cc1cc2C=CCc2cc1C
89709,Cc1cc(C)c2c(c1)CC=C2
89715,CN(c1cccc(c1)N(C)C)C
89718,N#Cc1cc(C)cc(c1)C
89720,OC(=N)Cc1ccccc1O
89723,O/N=C/C[C@@H](CCC=C(C)C)C
89724,CC(=O)C1=CC(CCC1)(C)C
89726,COC(=O)c1cc(O)ccc1C(=O)OC
89728,NCC(OC)OC
89730,Cc1cc(C)c2c(c1)C=CC2
89732,CCC(=O)OC1CCCC1
89734,COCCOC(=O)CC(=O)C
89735,SCCC(=O)OCCOC(=O)CCS
89737,OCCCC(=C)C
89738,CNC(=O)C(=O)N
89741,COc1ccc(cc1)CCOC(=O)C
89752,OCCc1ccc(cc1)OCC
89755,CC(=C)[C@@H]1CC[C@H]([C@H](C1)O)C
89761,CCC(=O)c1c[nH]c2c1cccc2
89762,NCCNCCC#N
89765,N#Cc1cc(cc(c1N)N(=O)=O)N(=O)=O
89772,CC(=O)Oc1cccc(c1C)C
89773,CC(=O)Oc1ccc(c(c1)C)C
89774,Cc1cccc(c1)C1=CCCCC1
89775,Cc1ccccc1C1=CCCCC1
89777,CCOC1=CC(=O)CC1
89790,O=C(c1ccccc1)c1ccc(cc1)C(C)(C)C
89796,C[SiH](N(C)C)C
89797,CN([SiH](N(C)C)C)C
89802,COC(=O)c1cc(C)ccc1O
89810,O=C(C1CCCCC1)OCc1ccccc1
89811,N#CCC1=CCCC1
89813,OCCOCCOC(=O)C1CCCCC1
89832,CCOC(=O)c1cc(OC)ccc1O
89837,CC1=C(C)SCCS1
89839,CCc1cnc(n1C)N(=O)=O
89847,COC(=O)c1ccc(cc1)S(=O)(=O)N
89850,CCCSCCO
89853,OC(=O)[C@H](c1ccc(cc1)O)N
89863,CC(=CC(=O)OC(C)(C)C)C
89864,C[Si]1(C)C[Si](C)(C)C[Si](C1)(C)C
89868,OCc1cccc2c1c1ccccc1cc2
89872,CCOC(=O)c1cc(cc(c1)N(=O)=O)C(=O)O
89877,CCOCC(=O)OCC=C
89878,Oc1nc2c(o1)cc(cc2)S(=O)(=O)N
89880,CCCc1cnc(n1CCO)N(=O)=O
89883,CCOc1ccc2c(c1)cccn2
89884,N#Cc1ccc(c(c1)C)C
89899,CCCCCCCCC(=O)OOC(C)(C)C
89901,COCNC(=N)NC#N
89904,OC(=O)[C@H]1C=CC=C[C@@H]1C(=O)O
89908,CCOc1cccc(c1)C=O
89909,CCCCc1ccc(cc1O)/N=C(/O)C
89913,C[C@H]1C=CN(C(=O)N1C)C
89945,c1ccc(cc1)N=c1cc[nH]cc1
89954,OCCP(=O)(O)O
89961,Cc1ncc(o1)C
89966,N=c1[nH]sc2c1cccc2
89971,COC(=O)c1ccc(c(c1)C(=O)OC)C
89972,COc1cc(OC)ccc1/N=C(/O)C
89974,C/C(=Nc1ccc2c(c1)nc1c(c2)cccc1)/O
89975,C/C(=Nc1ccc2c(c1)cc1c(n2)cccc1)/O
89976,CCn1cnc2c1c(=O)n(C)c(=O)n2C
89977,CCN(c1ccc(c(c1)O)C(=O)O)CC
89988,OCCCC(OC)OC
89989,CCc1ccc(o1)C=O
89991,CC(COC1=CC(=O)CCC1)C
89995,CCCCN1CCC(=O)CC1
90006,CCCN1CCC(=O)CC1
90007,CCc1ccc(cc1)N=C=O
90016,OCCCn1cnc2c1c(=O)n(C)c(=O)n2C
90029,Oc1cc2cccc3c2c(c1)C(=O)N=C3O
90033,N[C@H]([C@H](C(=O)O)N)C(=O)O
90041,O=c1ccc2c(c1)[nH][nH]c2
90044,C/C(=NCCSC(=O)CC(=O)C)/O
90050,O=COC1CCCCCCC1
90054,Cc1ccc2c(c1C)C=CC2
90055,Cc1ccc2c(c1C)CC=C2
90071,CCCNCCCCNCCC
90074,O[C@@H]1CC[C@H](CC1)/N=C(/O)C
90081,O=C(C(C)(C)C)OOC(c1ccccc1)(C)C
90088,CCOC(=O)c1ccc2c(c1)COC2=O
90092,O[C@@H]1CCC[C@@H](CCC1)O
90098,CO/C(=NCCC[Si](OC)(OC)OC)/O
90107,CN([N][N]c1ccc(cc1)C#N)C
90108,O=CCC(=O)C(C)(C)C
90109,O=C1CCCOC1
90112,CCOC(=O)c1cccn1C
90115,CC(Nc1cccc(c1)O)C
90120,C=CC(O[SiH](C)C)(C)C
90133,OCc1cccc(c1)N(C)C
90135,Oc1ccc(c(c1)O)C(C)C
90136,CCCC(=O)OCCOc1ccccc1
90137,CC1(C)[C@@H]2CC[C@]3([C@H]1C2)CO3
90144,NCCCNCCSS([O])([O])O
90151,N#CCCNC(CSS([O])([O])O)(C)C
90153,NCCCNC(CS)(C)C
90155,SCC(NCCC#N)(C)C
90156,CCC[C](/N=C(/O)[NH])O
90165,CCCCOc1ccc(cc1)/N=C(/O)C
90167,SCCCCCNCC
90175,CC(c1cnc(n1C)N(=O)=O)C
90176,CCn1c(C)cnc1N(=O)=O
90177,OCCn1c(C)cnc1N(=O)=O
90182,OCCc1cnc(n1C)N(=O)=O
90185,C/N=C(Cn1c(CC)cnc1N(=O)=O)/O
90189,CC(CCC(N)(C)C)(N)C
90190,CCc1ccc(nc1C)C
90191,CCCc1ccc(cn1)CC
90196,CCOC(=O)CCNCc1ccccc1
90197,O=C(N(C)C)Cn1c(C)cnc1N(=O)=O
90198,CCc1cn(c(n1)N(=O)=O)C
90199,OCCn1cc(nc1N(=O)=O)C
90201,CC(CCNCC(=O)O)C
90202,CCCCCCOC(=O)c1cccnc1
90208,CCC(/N=C/O)(C)C
90211,O/C(=N/c1ncccc1C)/c1ccccc1
90219,OC/N=c/1[nH]nc(n1C)c1ccc(o1)N(=O)=O
90223,CCNCCC(=O)OCC
90232,CCOc1ccc(cc1)C(=O)OCC
90237,Nc1cncc2c1cccc2
90239,NCCc1cc(OC)c2c(c1)OCO2
90243,CCC(c1ccc2c(c1)OCO2)(C(=N)O)CC
90245,CCC(=O)c1occc1C
90246,CSC(=O)CC(C)C
90250,CCCNCCCN
90254,O=CC(C1CC1)C1CC1
90263,COCCOCCOCCOCCO
90265,COC(=O)Cc1ccc(cc1)C
90268,CCOC1(OCC)CCCC1
90269,OC(=O)c1sccc1C
90271,NCC1(O)CCN(CC1)CCc1ccccc1
90273,CN(CCNc1ccccn1)C
90275,CCNc1ccccc1N
90281,Nc1ccc(cc1)Oc1ccc(cc1N)N
90289,OCc1cccc(c1C)N(=O)=O
90295,Nc1ccc2c(c1)cccc2O
90301,OC(=O)C1=CN=[C](=[N]=C1O)O
90325,N#CCCn1ccnc1c1ccccc1
90327,N#CCCn1cc(nc1CC)C
90328,Cc1nccn1CCC#N
90329,COc1ccc2c(c1)oc(n2)C
90334,Nc1ncccc1OCc1ccccc1
90346,CCCCCOc1cccnc1
90347,NCCNCCN1CCNCC1
90352,OC[N]C1=N[C](N(N1)C)c1ccc(o1)N(=O)=O
90353,Cc1oc(cc(=O)c1O)C(=O)OCC
90354,O=C1CCCN1c1ccccc1C
90358,CCCCCCCCOc1ccc(cc1)C=O
90375,CC(c1ccc(c2c1cccc2)C(C)C)C
90385,O=Cc1ccc(cc1)N=[N]=[N]
90387,COC(=O)[C@H](CO)N
90388,CCOC(=O)[C@H](CC(=N)O)N
90390,CC(c1cccc2c1c(ccc2)C(C)C)C
90401,CN(C(CC(=O)c1ccccc1)(C)C)C
90403,CCN(CC(C(=O)c1ccccc1)(C)C)CC
90406,Oc1ccc([n+](c1)[O-])C
90408,OCC/N=C(c1ccc(cc1O)O)/O
90410,CCNC(CC(=O)c1ccccc1)(C)C
90424,NCCNCCN(C)C
90425,O=N(=O)c1cnc(s1)NC1=NCCO1
90447,CC(=O)OCC(c1ccccc1)c1ccccc1
90448,OC(=O)Cn1ccc2c1cccc2
90451,OCCOCCC#N
90457,NCCSCCO
90459,OCC/N=C(CC(=O)C)/O
90460,OC(=O)CSC(C)(C)C
90466,OCC1c2ccccc2c2c1cccc2
90469,OC1=NCc2c(C1)cccc2
90470,CCC#CC(=O)OC
90482,ON1[CH]N(C(=C1)C)[O]
90485,CCOC(=O)/C=C/c1ccccc1OC
90495,O=C(OC(C)(C)C)OC(=O)OC(C)(C)C
90496,Nc1ccc2c(c1)CCC2
90497,NCCNCCN(CC)CC
90498,CCNCC#N
90501,N#CCc1cccn1C
90509,O=[C]1=[N]=C(C(C(=N1)O)(C)C)O
90514,COC(=O)[C@@H](c1ccccc1)N
90517,C1COC2(OC1)OCCCO2
90519,CCCCCCSCCO
90524,N#CC1=C(SCCS1)C#N
90531,CCCCCOC(=O)c1ccccc1C(=O)O
90535,CCCCCCCCCCN=C=S
90542,NCCCN1CCCCCC1=O
90551,O=C(C(=C)C)OCCOP(=O)(O)O
90552,COc1ccc(c(c1)C)OC
90558,OC(=O)CCOC(=O)C=C
90566,N[N][C](CN1CCN(CC1)C)O
90567,C[C@H]1CCCCN1C(=O)[C@@H]1CCC=CC1
90575,OC1=[N]=C(SCC1)[NH]
90581,S=[C]1=NC=C[N]1
90583,O=C(c1ccccc1)N1CCC(=O)CC1
90586,CCO[C@@H]1C[C@@H](C)CC(C1)(C)C
90588,CCO[C@H]1C[C@@H](C)CC(C1)(C)C
90590,O/C(=N/c1ccccc1)/c1ccoc1C
90592,C/C=C(/C(=O)OCC[C@H](CCC=C(C)C)C)C
90596,SCCCc1ccccc1
90603,OCC(c1ccccc1)(CO)C
90604,COC(=NC#N)OC
90614,O=N(=O)C1=N[CH]N[N]1
90619,O=N(=O)c1ccc2c(c1)c(ccc2)N(=O)=O
90629,CCCCCC1=C(CCC1)OC(=O)C
90636,CCc1c(N)[nH]c(=N)[nH]c1=N
90638,CN[C@@H](C(=O)O)Cc1cnc[nH]1
90640,COc1ccc(cc1)NCC#N
90651,CONc1c(cccc1N(=O)=O)N(=O)=O
90655,C=CCC1(CC=C)OC1(CC=C)CC=C
90660,NCCN1CCCC1=O
90667,Oc1ccc(cc1N)S(=O)(=O)N(C)C
90673,COc1c(C)cc(cc1C)C[C@H](N)C
90677,CCOC(=O)c1cc2c([nH]1)ccc(c2)O
90679,CC[Si@H](O)C
90682,c1ccc(nc1)C1=NCCN=C1c1ccccn1
90704,CC[C@H](COC(=O)c1ccc(cc1)N(C)C)C
90716,CC(CCCCC(=O)O)C
90720,CC(=O)O[C@@H](/C=C/C1=C(C)CCCC1(C)C)C
90725,O[C@@H]1CCCSC1
90727,CCC[C@H](C=O)CC
90728,O=C[C@@H](OC(=O)C)C
90729,C[C@@H](c1ccco1)N
90732,CN(C[C@@H](C(=O)C)C)C
90736,CCC[C@H](C(CO)CO)C
90741,CC[C@@](c1ccccc1)(N)C
90759,O/C=C(/c1ccccc1)C#N
90767,N#C/C(=CC(C)C)/c1ccccn1
90768,CCOC[C@@H](c1ccccc1)O
90770,COC=C(C(=O)OC)C(=O)OC
90771,OC/C(=C/CCC=C(C)C)/C
90772,CO[C@H]1C=C[C@@](O1)(C)OC
90773,O=CC(=C)[C@H](CC(C)(C)C)C
90775,CC[C@H]([C@@H](CC)C)C(=O)O
90776,O=CC(=C)[C@@H](CCC=C(C)C)C
90777,OC[C@@H]([C@@H](CCC=C(C)C)C)C
90778,O=C[C@@H]([C@@H](CCCC(C)C)C)C
90779,O/N=C(/CCC=C(C)C)C
90782,C1=CC/C(=COCc2ccccc2)/CC1
90783,CC(=O)O[C@@H]1CCCC=CCC1
90784,CC(=C/C=C/C(=C)[C@H](O)C)C
90787,CC[C@H](C/C(=N/O)/CC)C
90789,C=C[C@H](CC[C@@H](C(=C)C)O)C
90790,C[C@@H](CCO)CC[C@H](C(=C)C)O
90792,CC(=O)OC([C@@H]1C[C@@H]2C[C@H]1C=C2)(C)C
90796,Nc1ccc(cc1)/C=C/c1ccc(cc1)N(C)C
90802,CSC[C@@H](CO)O
90803,O[C@@H]1COC[C@@H]1O
90805,C[C@@H]1CC[C@@H]2C1=C[C@@H](CC[C@H]2C)C(=C)C
90806,CC1=CC[C@@H](CC1)[C@]1(C)CC[C@H](C(O1)(C)C)O
90807,CC1=CC[C@@H](CC1)[C@]1(C)CCC(=O)C(O1)(C)C
90809,C/C=C(/OC(=O)C)C#N
90811,CCCCCC[C@@](C=C)(O)C
90812,CCCCCC[C@](OC(=O)C)(CC)C
90817,CCCCCCCC/C=C/C#N
90818,CCCCCCCCCC/C=C/C#N
90819,CCCCCOC[C@@H](CO)O
90830,C[C@@H]1C2=C(CCCC2)[C@H]2C(=O)[C@@H]1CCC2
90831,OC[C@H](CNC(C)(C)C)O
90839,COc1ccccc1[C@@H](c1ccccc1)O
90840,CCC[C@@H]1CCCOC1=O
90846,COC(=O)CC[C@H]1[C@@H]2CC[C@H](C1(C)C)C2
90847,O=CCC[C@@H]1CCC=CC1
90848,CCCCCCCCOC(=O)/C=C/C
90865,NC[C@H]1CCCCN1
90875,CCCCC/C(=NC[C@H](O)C)/O
90877,CCOC(=O)[C@H]1C(=CC(=O)CC1(C)C)C
90878,N#C[C@]12C[C@H]3C[C@@H](C2)C[C@@H](C1)C3
90880,NC[C@@H]1CCCNC1
90892,CC1=N[C@@H]([C@H](O1)C)C
90896,C/C=C/C#C/C=C/OC(=O)C=C1
90898,CC(=O)O[C@@H](c1ccccc1)C1CCNCC1
90899,CC(=O)/C=C/[C@]12O[C@]2(C)CCCC1(C)C
90902,COc1cccc(c1)[C@@H](O)C
90908,OC[C@@H]1CCCN1
90911,OC(=O)[C@H]([C@@H]1CCC=CC1)N
90919,C[C@@H](c1ccncc1)O
90923,CC[C@H](OC(=O)C(C)C)C
90924,CCCCC[C@@](CCC)(O)C
90927,CCCCC[C@@H](CCO)O
90928,CCCCCC[C@@H](CCO)O
90938,C/C=C/C(=O)OOC(C)(C)C
90955,COC(=O)[C@H](CN1[C@H](C)COC[C@@H]1C)C
90960,C[C@H](CC(C)(C)C)CC(=O)O
90966,COc1cc2OCOc2cc1C[C@@H](N)C
90967,COc1c(ccc2c1OCO2)C[C@@H](N)C
90968,CO[C@@H]1[C@@H](OC)N=C(N1CO)O
90969,O=CC[C@@H]1CC=C(C1(C)C)C
90983,NCCCN[C@H](CS)C
90984,C[C@@]1(S)CC[C@H]2C[C@@H]1C2(C)C
90986,C#C[C@H](C[C@@H](C(=O)O)N)C
90990,CC(C[C@H]1OC1)C
90992,C=CC1=NC(C[C@H](O1)C)(C)C
91058,C/C=C/COC(=O)C=C
91098,CCC[C@@H]1CC[C@H]([C@H](C1)OC)O
91101,N1CCO[C@H](C1)c1ccccc1
91103,C=C/C(=C/C(=O)CC(C)C)/C
91104,C/C/1=C/CCC(=C)/C=C[C@@H](CC1)C(C)C
91115,O=C[C@@H](CC/C=C(/CCC=C(C)C)C)C
91116,OC[C@@H](CC/C=C(/CCC=C(C)C)C)C
91117,OCCN1C[C@@H]2CC[C@H](C1)N2C(=O)CC
91128,O=C1CC[C@@H]2[C@@H](C1)CC[C@H](C2)C(C)(C)C
91131,COc1cc(OC)c(cc1/C=C/C(=O)O)OC
91135,CC/C(=C/CCC(=O)C)/C
91147,CCCC[C@@H]1O[C@@H](C)CC(=C1)C
91148,CCCC[C@H]1CC(=C[C@@H](O1)C)C
91149,CCCC[C@@H]1CC(=C)C[C@H](O1)C
91151,CC(=O)O[C@@H]1CC[C@@H]2[C@](C1)(C)CCCC2(C)C
91154,O=N(=O)c1cnc(s1)N[C]1[N]CCN1
91159,C[C@@H]1C[C@H]2[C@@H](CC1=O)C2(C)C
91162,CCCCC[C@H](C(=O)OCC)C(=O)C
91166,CCCCCCC[C@H](C(=O)O)C
91168,CCCCCCCCC[C@H](C(=O)O)C
91171,OC[C@H](CC(C)C)O
91172,O=C1C[C@@H]2[C@H](C[C@@]1(C)O)C2(C)C
91173,C[C@H](CN(c1cc(C)cc(c1)C)C[C@H](O)C)O
91177,O=C[C@@](c1ccccc1)(CC=C)C
91181,CC[C@H](CC[C@H](CC)O)O
91182,O=CO[C@@H]1C[C@@H](C)CC(C1)(C)C
91195,CC1=CC(=O)[C@]2([C@@H]1C2)C(C)C
91198,CC([C@H]1O[C@H](OCC1(C)C)c1ccccc1)C
91202,CC[C@H]([C@@H](CO)N)C
91209,O/C(=N/[C]1=NN[CH]N=1)/[C@@H]1CCC(=N1)O
91210,N[C@@H]1CC[C@H](CC1)C[C@H]1CCCC[C@H]1N
91211,OC(=N)/C=C/c1cccs1
91223,C[C@H]1N(C)C(=N)S[C@@H]1c1ccccc1
91224,C[C]1[CH]C[C@H]2[C@H](C1)CC(C)(C)C[CH][C]2C
91239,O=C[C@H]1O[C@@H](C)OC[C@H]1O
91247,COc1cc(C[C@@H](N)C)cc(c1)OC
91251,C/C=C(/COC(=O)C)C=O
91255,COc1c(cccc1OC)C[C@@H](N)C
91257,COc1c(ccc(c1C)OC)C[C@@H](N)C
91260,O=C/C=C/[C@@H]1CO1
91280,O=CN1CCCCCC1
91281,O=C1CC(C)(C)CC(=O)N1C
91282,N#CC1(CCC(=O)CC1)c1ccccc1
91283,CCOc1cccc(c1)C#N
91288,C[Si]([C@@H]1C=CC=C1)(C)C
91289,OCC(OCC=C)CO
91297,N#CC([N][N]C(C)(C)C)(C)C
91298,N#CC1(CCCCC1)[N][N]C(C)(C)C
91299,N#C[C@@]([N][N]C(C)(C)C)(CCC(=O)O)C
91308,OCC[C@H]1CNCCN1
91316,OC(=O)C(CCC(C)(C)C)(C)C
91326,CC(CCOC(=O)C1CCCCC1)C
91333,OCCN(C=O)CCO
91336,CC[C@H](c1cccnc1)C
91338,C[C@@H]([C@@H]1CCCC(C1)(C)C)O
91339,CC(=O)O[C@H]([C@@H]1CCCC(C1)(C)C)C
91340,CCOC(/C=C/c1ccccc1)OCC
91342,CCCCCC[C@H](C(=O)O)CC
91346,OC[C@H](COc1ccccc1C(=N)O)O
91354,C[C@@H]1CC[C@H]2[C@@H]1[C@H]1[C@@H](C1(C)C)CCC2=C
91357,OCC(CCC#N)(C)C
91374,CCOCCCN(C)C
91383,CC(=O)CC1(O)CCCCC1
91386,CCC(=O)OCc1ccc(o1)N(=O)=O
91388,CC(=O)[C@@H]1CCCC(C1)(C)C
91393,CCc1ccc(cc1)C#N
91404,O[C@H]1CN2CC[C@H]1CC2
91409,CCO[C@H](OC(C)C)C
91411,N=C1NC(=N[C](N1)C1CCCCC1)[NH]
91427,O=CC[C@@H](C=O)CC
91437,O=C1[C@@H]2O[C@@H]2C(=O)C(=C1O)C
91444,OC(=O)[C@H](Cc1cccs1)N
91447,C1C[C@@H]2O[C@@H]2CC[C@@H]2[C@H]1O2
91462,C1CN[C@H](C1)c1cccnc1
91463,CC1=CC[C@@H](C[C@H]1O)C(O)(C)C
91468,CC[C@H]1C(=O)OC[C@@H]1Cc1cncn1C
91480,CC[C@]1(N=[C](=[N]=C1O)O)c1ccccc1
91483,Cc1ccc2c(c1)c(cc[n+]2[O-])N(=O)=O
91489,[N][N][CH]C(=O)NCC(=N)O
91496,CC(=C)[C@@H]1CC[C@]2([C@H](C1)O2)C
91508,CC1(C)[C@H]2C[C@@H]3[C@@]([C@@H]1C2)(C)O3
91516,CCOC(=O)C#Cc1ccccc1
91517,C[C@@H]1CC[C@H]([C@H](C1)C)C
91521,c1ccc2c(c1)c(OC[C@@H]1CO1)ccc2
91528,OC[C@H](c1ccc(c(c1)O)O)O
91538,CO[C@@H]1CCC=CO1
91550,[NH][C]([C@@H]1CO1)O
91551,OC[C@H](CNc1ccccc1)O
91552,N[C@H](C(=O)O)CCS
91555,N[C@@H]1CC[C@H](C[C@@H]1C)C[C@@H]1CC[C@H]([C@H](C1)C)N
91563,COCC=O
91582,COc1ccn2c1[C@H](O)CC2
91586,O[C@@H](C=C)CC#N
91598,COC(=O)/C(=C/OP(OC)(OC)[S])/C
91603,[O][N]N(CC(C)(C)C)C
91604,O=C[C@@H]1CCC(=CC1)CCCC(O)(C)C
91606,N=C1N[C@H](N)C(=O)C(=O)N1
91611,CN1C(=NC2=[N]=C(N([C]2C1=O)C)O)O
91613,Cc1ncc([nH]1)CCN
91623,NCc1ccc(c(c1)O)O
91629,CCCN(C[C@H](O)C)N=O
91630,CCCN(CC(=O)C)[N][O]
91646,CCCCN(CCO)N=O
91647,CCCCN(CC(=O)C)[N][O]
91650,Cc1cc(C)nc(n1)Nc1ccccc1
91665,O=C1CCc2c3N1CCc3ccc2
91671,O=N(=O)c1cc(N)c(c(c1)N)C
91697,Nc1cccc2c1OC(C2)(C)C
91783,C[Si](O[Si](O)(O)O)(C)C
91785,CC(=O)C(C(=O)C)[N][N]c1ccccc1
91786,CCCCCCC1=CCC[C@H]1OC(=O)C
91796,C[C@@H]1CCOC(=O)C(C1)(C)C
91797,O=C=Nc1ccccc1C(C)C
91802,CCCCCCCCCC[SiH](C)C
91803,CC(=O)OC(CCC(OC(=O)C)(C)C)(C)C
91812,Cn1c(ccc1C)C#N
91833,OCOC(C)C
91850,CCCCCCCOC(=O)CC(C)C
91855,CC[C@](c1cc(C)ccc1C)(c1ccccc1)O
91861,CCCCCCC(OC(=O)C)OC(=O)C
91862,NNC[C@H](CN1CCOCC1)O
91870,CCCCCCC(c1cc(O)cc(c1)O)(C)C
91872,CC/N=C([C@]1(CCC[C@H]1C)C(C)C)/O
91874,CC/N=C(C1(CCCCCC1)C(C)C)/O
91879,CC(C1(CCCCCC1)/C(=NC(C)(C)C)/O)C
91895,N#CCCOCC[C@@H](CCC=C(C)C)C
91896,N#CCCOC/C=C(/CCC=C(C)C)C
91901,CCc1ccc(c(c1)N(=O)=O)O
91905,O=C(N1CCOCC1)SCc1ccccc1
91909,CC(=CCCC1=CCOCC1)C
91917,CC(C(C(C)C)(C#N)C)C
91926,Oc1ccc(cc1C1CCCC1)N(=O)=O
91931,N#C[C@](CC(C)C)([N][N]C(C)(C)C)C
91932,CCC([N][N]C1(CCCCC1)C#N)(C)C
91936,COCC[C@@H](CCC=C(C)C)C
91945,CC/C=CCCC(O)(C)C
91947,Cc1ncc(c(n1)C)C(=O)C
91961,C=C[Si](O[SiH](C)C)(C)C
91962,CC/C=C/CC[C@H](O)C
91970,CC(CCCCCCN(C)C)C
91976,Cc1ccccc1C
91977,CCCC[C@H](CS([O])([O])O)CC
91983,CC1=CCC[C@]2([C@H](CC1)O2)C
91985,C[C@H]1C=CC[C@H]1C
91998,Cc1ccc(cn1)C(=C)C
91999,CCc1cnc(c(c1)CC)C
92000,C/C=C/c1ccc(cn1)CC
92002,C/C=C(/[C@@H]1CCC(O1)(C)C)C
92007,OC[C@H](COC[C@H](COC[C@H](CO)O)O)O
92013,OC[C@H](Cc1ccc(cc1)C(C)(C)C)C
92017,CCCCC/C=C/C/C=C/CCCCCC=C
92018,C=C[C@@](CC=C(C)C)(C=O)C
92020,Oc1c2CC=CCc2c(c2c1cccc2)O
92021,O=C1[C@@H]2C[CH][CH]C[C@H]2C(=O)c2c1cccc2
92022,CC(=O)c1cc2OCOc2cc1N(=O)=O
92023,CN(Cc1cccn1C)C
92054,CCCOc1ccc(c(c1)N)N
92066,CCCCCC/C=C/CCCCCCCC=O
92071,CCON(N=O)CC
92074,CCCCCCC1=CCC[C@H]1O
92076,CC1(C)[C@H]2CC[C@]3([C@@H]1C2)CO3
92077,C[C@@H](Cn1cnc2c1C(=[N]=C(N2)[NH])O)O
92080,CC(/C=C/C(=O)C(C)C)C
92081,COC(C[C@@](C#N)(N)C)(C)C
92083,CC/C=C/C=C/C=C/C=O
92085,O=C/C(=C/C(OC(=O)C)OC(=O)C)/C
92105,Cn1cc(nc1)C[C@H](C(=O)O)N
92108,CC1(C)[C@@H]2CC[C@@]1(C)CC2
92116,C[C@@H]1CC[C@H]2[C@H](C3=C(CC[C@H]13)C)C2(C)C
92124,CCSCC[C@H](C(=O)O)N
92126,COc1ccc(cc1O)/C=C/C(=O)O
92134,Nc1ccc(cc1)/C=C/c1ccc(cc1)N
92135,C[C@H](CC(=O)O)O
92141,C[C@H](CCOCC[C@@H](O)C)O
92143,OC(=O)[C@H](c1ccc(cc1)O)N
92148,c1ccc2c(c1)cccc2
92162,C[C@@H]1O[C@@H]1C
92165,N[N][C](CC[C@@H](C(=O)O)N)O
92166,C[C@]1(CO1)C=C
92168,OC[C@@H]([C@H]([C@H](CO)C)C)C
92174,CC([C@H]1OC1)(C)C
92180,CC(=CCNc1nc[nH]c2c1ncn2)C
92182,c1ccc2c(c1)[C@@H]1O[C@@H]1CC2
92185,CCSC[C@@H](C(=O)O)N
92187,OC[C@@H](N(=O)=O)C
92188,C[C@@H](OC(=O)C=C)CC
92189,OO[C@H](c1ccccc1)C
92191,CCN[C@H](C(=O)O)CCC(=N)O
92202,COC(=O)/C=C/c1ccc(c(c1)O)O
92209,C[C@@H](C(=O)O)OC
92210,CC[C@H]1OC[C@H](O1)C
92214,C[C@@H]1NCCc2c1cccc2
92215,CCCCC[C@@H]1CO1
92218,CC[C@@H](c1ccc(cc1)OC)O
92222,OC(=O)[C@@H](Cc1ccc(c(c1)O)O)N
92224,O=C/C=C/c1ccc(cc1)N(C)C
92228,O=N(=O)c1ccc(cc1)[C@H]1OC1
92230,C=C/C(=N[C@@H](C(=O)O)O)/O
92233,CN([CH]C1=C(c2ccccc2)[C](C(=O)O1)C#N)C
92235,N[C@H](C(=O)O)CC1=N[CH]N[N]1
92236,OC(=O)[C@@H](Oc1ccc2c(c1)cccc2)C
92238,OC[C@@]1(C)CN(N=C1O)c1ccccc1
92239,CCCCCCC[C@H](CC)C
92243,C/C(=NO)/SC
92249,Nc1ccc2c(c1)oc(=O)cc2C
92251,CC(C[C@@](C#N)(N)C)C
92255,C=C/C(=C/CCC(C)C)/C
92259,CC(c1cccc(c1N=C=O)C(C)C)C
92263,[O][N]N(C(=O)/N=C(/O)C)C
92264,COCCCC(=O)O
92268,OC1=N[C](C2=C(N1)N=[C](=N2)O)N
92271,[O][N]N(C(C)C)C
92281,[N]=[N]=Nc1ccc(cc1)c1ccccc1
92286,CC(O)(O)C
92287,O=CN(c1c(O)nc(=O)n(c1N)C)C
92288,O=CN(c1c(N)n(C)c(=O)n(c1=O)C)C
92289,CN1C=NC2=N[CH]N([C]2C1=O)C
92292,O=C1CCCC2=C1C(C)(C)[C@@H](C2(C)C)C
92297,C[C@H]1N(CCO[C@H]1c1ccccc1)N=O
92299,CC(N(C(=O)C(C)(C)C)Cc1ccccc1)C
92301,C=CC(=C)C[C@H](C=C(C)C)O
92309,CCCCCCCCCCc1ccc(cc1)N
92315,O/C(=N/C(C)(C)C)/C=C/c1ccc(o1)N(=O)=O
92321,CN1C(=O)c2c(C1=O)cc(cc2)N(=O)=O
92325,COC(=O)[C@H]1O[C@@H]1c1ccc(cc1)OC
92327,O=NN1CCC(CC1)C(C)(C)C
92336,[O][N]N(/C(=Nc1nc2c(s1)cccc2)/O)C
92340,CC[S@](=O)C(=O)N1CCCCCC1
92363,O/C=N/c1ccc(cc1C)C
92367,CC[N][N]NCC
92369,CCc1ccc(cc1)CCc1ccccc1
92370,CC(CC[C@@]([N][N]C(C)(C)C)(O)C)C
92372,C[C@@H]1C[C@@H](C)CN(C1)N=O
92373,Cc1ccc2c(c1)c1ccccc1c(c2)C
92375,[O]N(C(C)(C)C)[CH]c1cc[n+](cc1)[O-]
92376,C[C@@H]1N[C@H](C)CN(C1)N=O
92388,COC(=O)/C(=Cc1ccco1)/N(=O)=O
92394,O=NN1CCOC[C@H]1C
92397,O=c1ccc2c(o1)c1c(C)coc1cc2
92402,CCC(c1noc(c1)N)(CC)C
92403,CCC(ON(=O)=O)CC
92404,CCC[C@H](ON(=O)=O)CC
92439,C1CCC(CC1)[C@H]1CCCCN1
92454,CC[C@H](c1ccc2c(c1)ccc(c2)C)C
92455,CC[C@H](c1ccc2c(c1)cc(cc2)C)C
92457,C/C=C/CC/C=C/CCCCCCOC(=O)C
92458,CCCC/C=C/CCCCO
92460,CCN1C[C@@H]2[C@@H](/C/1=CN(=O)=O)CCCC2
92461,CCN1C[C@@H]2[C@@H](C1=O)CCCC2
92463,S=C=NC1CC1
92464,NC[C@@H]1[C@H]2CC[C@@H]([C@@H]1CN)C2
92466,OC[C@H](c1ccccc1)N
92474,CCCCCCCCCCCCOCCC#N
92498,OC[C@@H](N([C@H](CO)C)C)C
92502,CCCCC/C=C/C=C/COC(=O)CC(C)C
92505,Nc1ccc(cc1)Oc1ccccc1C
92515,COCCc1ccc(cc1)OC[C@H]1OC1
92516,COCCc1ccc(cc1)O
92524,C=C[C@]1(C)CC[C@H](C(O1)(C)C)OC(=O)C
92529,N#Cc1cc(N)ccc1C#N
92530,O[C@@H]1[C@H](O)CC[C@H]1O
92532,COCCN(c1cccc(c1)C)CC
92537,CCCCCCCC/C=C/CCCCCC=O
92539,OC(=O)[C@@H]1CCC(=O)N1C(=O)C
92543,C[C@H]([C@H](O)C)Cc1ccccc1
92549,CCOC(=O)CCc1cocc1
92553,CO/C(=N/CC(C)C)/O
92554,C[C@@H](C(=O)N(C)C)N=[N]=[N]
92558,COc1ncc(nc1)C(C)C
92564,C/C=C/C(=O)C1=C(C)C[C@@H](CC1(C)C)O
92569,CCCCCOC(=O)C=C(C)C
92570,CC(CCOC(=O)C=C(C)C)C
92572,CCCCCC(=O)OC/C=C/CCC
92574,CC(C(=O)C1=CCCCC1)C
92587,CC/C=C/C[C@@H]1CO1
92588,CCC#CC[C@@H]1CO1
92595,C[C@@H](c1ccccc1)OC(=O)CC(C)C
92607,C=CCCC(=O)C1=C[C@H](C)CC(C1)(C)C
92608,C=CCCC(=O)C1=CC(C[C@H](C1)C)(C)C
92610,C=C[C@H](CC(=O)C1=CCCC(C1)(C)C)C
92615,C[C@@H]1CC(=O)C2=C1CCCCCCCCCC2
92618,CCCCCCC[C@H](OC(=O)C)C=C
92629,C[C@@H](COC(C)(C)C)O
92631,CCC#CC[C@@H]1CCCC1=O
92632,C[C@@]1(O)CC[C@H](C=C1)C(O)(C)C
92635,CCNc1cc(ccc1OC)/N=C(/O)C
92636,C[C@@H](C=O)CSC
92645,C[C@H](CC[C@H]1C(=C)C=CCC1(C)C)O
92646,O=C/C=C(/CCCC(C)C)C
92651,CCCCC/C=C/CCCO
92656,OC(=O)CCCCCCCN1C(=O)C=CC1=O
92666,C[C@@H]1CCC[C@H]2[C@H]1C(=O)OC2=O
92671,C1CCN2[C@@H](C1)CCC(=C2)c1ccccc1
92672,CC(c1cc(cc2c1cccc2)C(C)C)C
92677,CC(/C=C/c1ccccc1)(O)C
92679,CCCCC(=O)COC
92680,C#Cc1ccc2c(c1)OCO2
92692,CCCCN(C/N=C(C=C)/O)CCCC
92696,OCCCCCOC(=O)C=C
92710,COC(=O)CSP(=O)(OC)OC
92723,CCC(C(C)(C)C)(C)C
92733,O[C@H](c1ccccc1)C(=O)C
92734,CC([C@H]1OC1(C)C)(C)C
92737,O=C[C@@H](CCC[C@@H](CCCC(C)C)C)C
92739,OC[C@@H](O[C@H](CO)C)C
92743,OC[C@H]([C@H](c1ccc(cc1)N(=O)=O)O)N
92749,Oc1cccc(c1)C[C@@](C(=O)O)(N)C
92770,C[C@@H]1CC[C@H]2[C@H]1C(=O)OC=C2C
92778,C/C(=C[C@@H]1[C@H](C1(C)C)C(=O)O)/C(=O)O
92779,O[C@H](C(=O)O)CC(C)C
92780,CC([C@@H]1CCC(=O)C=C1)C
92784,O=C1CC[C@@]2([C@H]1C2)C(C)C
92793,C[C@@H]1CCC(=C(C)C)[C@H](C1)O
92814,CC(COC(=O)[C@H](O)C)C
92821,CCCOC(=O)[C@H](O)C
92822,COC[C@@H](CO)O
92824,OC(=O)C[C@@H](C(=O)O)O
92829,NC/C(=N[C@@H](C(=O)O)Cc1ccc(cc1)O)/O
92830,Oc1ccc(cc1)/C=C/c1ccc(cc1)O
92831,CCOC(=O)[C@@H](O)C
92833,CC[C@@H](Cc1ccccc1)O
92838,c1ccc2c(c1)[C@H]1O[C@H]1C2
92839,C[C@@H](COc1ccccc1)O
92840,O1CC[C@H](OC1)c1ccccc1
92851,N[C@@H](C(=O)O)CS
92852,Cc1cc2c(C[C@@H](C(=O)O)N)c[nH]c2cc1
92853,COc1ccc(cc1)C(=O)/C=C/c1ccccc1
92863,N[C@H](C(S)(C)C)C(=O)O
92868,OC(=O)/C=C/c1cccs1
92883,CC[C@@H]1C=CC=C1
92886,O[C@@H]1CCCC[C@H]1O
92888,O=C1N=C([C@@H]2[C@H]1CC=CC2)O
92890,O[C@@H]1CCOc2c1cccc2
92892,Nc1cccc(c1)OCc1ccccc1
92893,COC(=O)[C@H](Cc1cnc[nH]1)N
92903,O[C@@H]1CCCC[C@@H]1O
92904,OC(=O)[C@H](Cc1c[nH]c2c1cccc2)O
92911,C1CC[C@H]2[C@H](C1)NCCC2
92914,C[C@@H]1C[C@H](C)[C@@H](C[C@H]1C)C
92915,C[C@H](CC#C)O
92923,OC(=O)C/C=C/c1ccccc1
92925,OC(=O)[C@H](c1cnc(o1)O)N
92927,CCCC[C@H](C(=O)C)C
92928,OC(=O)/C=C/c1ccc(cc1)N
92948,C=COC(=O)/C=C/c1ccccc1
92949,CCC(=O)/C=C/c1ccccc1
92950,NCC[C@@H](CC(CN)(C)C)C
92959,O[C@@H](c1ccccc1)CC(=O)O
92960,CCCCCCCCCCOC[C@@H]1CO1
92970,N#CC(=Cc1ccc(cc1)O)C#N
92971,Oc1ccc(cc1)/C=C/c1ccccc1
92973,C[C@H](C(=O)O)NC
92978,CCCC[C@H](CC(C)C)C
92980,OC(=N)[C@@H]1CCCNC1
92981,CC[C@H](C#C)O
92983,N#C[C@H](c1ccccc1)OC(=O)c1ccccc1
92984,C=C[C@H](CC(C)(C)C)C
92986,C=C[C@@H](c1ccccc1)O
92987,CC(=O)C[C@H]1CCCCN1
92988,O[C@@H]1O[C@H]2O[C@H](O)[C@H](O[C@@H]2O[C@@H]1O)O
92991,CC[C@@H]1CCCC1=O
92995,c1ccc2c(c1)cc(cc2)OC[C@@H]1CO1
92998,CC([C@@H]1CC[C@]2([C@@H](C1=O)O2)C)C
93000,CCC[C@@H](CO)O
93002,O[C@@H]1CCCO1
93004,O=C1OC(=O)[C@@H]2[C@H]1[C@H]1CC[C@@H]2O1
93005,CC[C@H](N(=O)=O)[C@H](O)C
93008,C/C(=NC#N)/OC
93013,C=CC(=O)O[C@H]1C[C@H]2C([C@]1(C)CC2)(C)C
93019,CC1=CC[C@@H](CC1)C(=O)C
93022,Cc1ccc(c(c1)C)[C@H](c1ccccc1)C
93024,OC[C@]([C@@H]1CCC(=CC1)C)(O)C
93025,C[C@H](N(=O)=O)[C@H](O)C
93029,C/C=C/c1ccccc1O
93030,CCCCCCCCCCCCC[C@H](CC)C
93032,COC(=O)CC[C@@H](C(=O)OC)N
93035,O=N(=O)OC[C@H]1OC1
93040,COc1cc2C[C@H](C)OC(=O)c2c(c1)O
93041,C/C=C/CC(=O)c1c(O)ccc(c1O)O
93046,CC1(C)[C@H]2CC[C@@]3([C@@H]1C2)CO3
93050,CCCC[C@@H](C#C)O
93051,C/C(=CCC/C(=C/C(=O)O)/C)/CCC=C(C)C
93059,CCO[C@H](COC[C@H](O)C)C
93062,CC[C@H](SC)C
93064,CSC/C=N/O
93071,CCCCC[C@H](CCCC)C
93072,OC(=O)C[C@@H](C(=O)O)NC(=N)O
93073,O=C1[C@@H]2CC[C@H](C1(C)C)C2
93074,CN1CC[C@H](C1)O
93080,CCCCOCCOC[C@@H]1CO1
93083,C[C@@H](C#N)NC
93085,C/C=C/P(=O)(O)O
93086,OC(=O)COc1ccccc1C(=N)O
93087,CCCN([N][O])CC
93093,OCCCC=O
93094,CN1COCN(C1=S)C
93098,NNc1scc(n1)c1ccc(cc1)N
93099,CO[C@H]1OC1(C)C
93103,CC/N=C(c1cccc(c1)C)/O
93111,CCC1=C(O)C(=O)[C@H](O1)C
93112,[O][N]N(C(=N)O)CCCN(C(=N)O)N=O
93114,CCc1[nH]c(=N)[nH]c(=N)c1c1ccccc1
93125,Cc1cc2[nH]c(=N)[nH]c2cc1C
93131,CN(C(=O)CN)CC(=O)O
93142,O=C1O[C@](C)(O)Cc2c1c(O)ccc2
93144,CC(Cc1ccccc1O)C
93146,Cc1[nH][nH]c(=N)c1
93149,Cc1ccnc2c1ccc1c2nccc1
93153,O=C1C=CC(=O)N1c1cccc(c1C)C
93158,CCCCCCCCNCCO
93162,CCCCCc1ccc(cc1)N
93164,CCCCCCCCCCn1cncc1
93177,N#Cc1cnc2c(c1)cccc2
93179,C=Nc1c(CC)cccc1CC
93183,N#Cc1cccc2c1nccc2
93185,O=NN1CCCOC1
93186,C=CC(=C)C[C@H](CC(C)C)O
93187,[CH2]/N=C(O)/[NH]
93188,Nc1ccccc1c1ccccc1N(=O)=O
93190,CCCCCCCNC
93192,OC(=O)C1CNC1
93193,O=NN1CCCC[C@@H]1C
93195,C=CC(=O)OCCCCCOC(=O)C=C
93202,CCCC/C(=NN)/O
93203,CCN(C#N)[N][O]
93208,C/N=C(CNC(=O)[CH][N][N])/O
93215,C=Cc1cnc(n1C)N(=O)=O
93219,CCn1c(=O)n(C)c2c(c1=O)n(C)cn2
93225,CN(c1nc(C)c(c(n1)O)C)C
93231,C=CC(=C)CCC(=O)C(=C)C
93232,O=N(=O)c1ccc2c(c1)C=CC2
93236,CSSCSC
93239,OC1=NC(=O)N(C1)N=O
93246,CC(O[P@@](=O)(Oc1ccccc1)O)C
93252,OCCc1ccc(cc1)N(C)C
93259,CO[C@@](CC(C)C)([N][N]C(C)(C)C)C
93269,CCO[C@@H](CC)O
93270,CC(=O)N1CCCC(=C1)C1=NCCCC1
93279,C/N=C(OCCOC(=O)C=C)/O
93280,CCC[C@H]([C@H](C(C)C)C)C
93285,OCc1cccc(c1OC[C@H](N)C)C
93286,C[C@H](COc1c(C)cc(cc1C)O)N
93290,CCC1(C)CC1
93298,O=NN1CCCC1=O
93314,CC[C@@]([N][N]C(C)(C)C)(O)C
93317,CC(=O)OC([C@H]1CCC(=CC1)C)(C)C
93320,CSCCCCC#N
93325,N#CSc1ccc(cc1N(=O)=O)OC
93326,OCCOc1ccc(c(c1)NC)N(=O)=O
93329,COC(=O)[C@@H]1CSCN1
93331,C=CC1CCCCCCC1
93336,OC[C@H](Cn1c(C)ncc1N(=O)=O)O
93349,CCNC(=N)N(N(=O)=O)[N][O]
93350,OC[C@H]([C@@H]1CCC=CC1)O
93360,Cc1ccc2c(c1)c1ccccc1cc2C
93363,OCC[C@@H]1CCCN1C
93366,CCC/C=C/C(OCC)OCC
93375,C[C@H]1C=C(C)CC[C@H]1C=O
93391,OCCCCCCCCOCC
93393,CC(CSSCC(C)(C)C)(C)C
93412,COC[C@H](Cn1cc(nc1C)N(=O)=O)O
93445,O=N(=O)c1cnc(n1C)C1CC1
93447,CC[C@H](CC[C@H](CCCCC(C)C)C)C
93451,CC[C@@H](CC#N)N
93455,CSCOC(=O)c1ccccc1OC(=O)C
93475,CCCC[C@H](ON(=O)=O)CC
93476,CCCCC[C@H](ON(=O)=O)CC
93489,CC(C/N=C(C=Cc1ccc(o1)N(=O)=O)/O)C
93491,CCCCOC(=O)/C=C/c1ccc(o1)N(=O)=O
93495,CC(COC(=O)/C=C/c1ccc(o1)N(=O)=O)C
93498,CCCC/N=C(C=Cc1ccc(o1)N(=O)=O)/O
93502,CCCCNP([S])(N)N
93520,CC[C@H](OC(=O)/C=C/c1ccc(o1)N(=O)=O)C
93521,O=C(OC(C)(C)C)/C=C/c1ccc(o1)N(=O)=O
93522,CC[C@H](/N=C(C=Cc1ccc(o1)N(=O)=O)/O)C
93552,Oc1ccc2c(c1)ccc(c2)O
93556,C[C@@H]1CN=[C](=[N]=C1O)O
93557,On1cnc2c(c1N)ncn2
93564,c1ccc(cc1)C1(OC1)c1ccccc1
93576,O=N(=O)c1ccc(c(c1)O)C
93580,[O][N]N(C(=O)Nc1ccc(cc1)OC)C
93587,C1=C[C@H]2[C@@H](C=C1)SN=N2
93591,CCN(C(=O)[C@H]1C[C@H](C)CC[C@H]1C(C)C)CC
93596,CCCCc1ncsc1C
93597,CCCc1scnc1CC
93609,CN1CC[C@@H]2C[C@H]1N(C2)C(=O)C(C)C
93610,CCCCC(=O)N1C[C@H]2C[C@@H]1N(C)CC2
93616,CCC(=O)N1C[C@H]2C[C@@H]1NCC2
93619,CC(=O)/C=C/[C@@H]1C[C@@H]2C[C@H]1C=C2
93631,Nc1ccc2c(c1)C(=O)OC2
93641,CCCCCCOC(=O)[C@@H]1CCC(=N1)O
93642,COC(=O)[C@H](C(=N)O)Cc1ccccc1
93657,CCOC(=O)Cc1cccs1
93658,COC([C@@H](N)C)OC
93661,CCCCC/C=C/C(=O)OCCCC
93674,OC(=O)CC(CC(C)(C)C)(C)C
93686,CC(=CCCC1=CC[C@]([C@H](C1)C)(C)C(=O)C)C
93687,CN1C(=O)COCC1=O
93691,O=C1CCCC[C@@H](O1)C(C)(C)C
93694,C=C1COC2(OC1)OCCCO2
93698,OC[C@@H]1C[C@@H]2C[C@H]1[C@H]1[C@H]2CCC1
93716,CCCCCCn1c(=O)cc(c(c1O)C#N)C
93723,N#CC[C@H]1C(=CCCC1(C)C)C
93724,N#CCC1=C(C)CCCC1(C)C
93726,O=C(CC(=O)C)OC/C=C/c1ccccc1
93731,COC(CC#N)OC
93732,CCCCC/C=C/CCC(=O)O
93735,[O][N]c1ccc(cc1C)N(=O)=O
93745,O1CCN(CC1)n1cnnc1
93748,CCOC(=O)CC1=CCCC1
93769,CCC[C@@H]1OC(=O)C=C1
93772,O=C1[C@H](C)CC(CC1=O)(C)C
93777,C/C=C/CC(OC)OC
93781,CCOCc1ccc(cc1)O
93785,O=N(=O)/C=C/1CCCN1Cc1ccccc1
93790,CC([C@@H]1CC[C@]2([C@@H](C1)O2)C)(O)C
93791,N#Cc1c(O)cccc1O
93792,CCOC(=O)C(=O)c1ccc(cc1O)O
93814,CCCCCCCC(=O)OCCS
93827,[CH2][N]N1C(C)(C)CCCC1(C)C
93831,CCCCCCCCCC(=O)OCC=C
93832,CC/C=C/CCOC(=O)C(C)C
93835,COC(=O)C(OC(=O)C)(C)C
93836,N[C@H](C(=O)O)CSCc1ccccc1
93837,COC[C@H](CC)N
93844,O=C[C@H](Cc1ccccc1C)C
93845,CCCCCCOCC(=O)O
93847,CCOC(=O)[C@H]1C(=CCCC1(C)C)CC
93848,C/C=C/C(=O)C1=C(CC)CCCC1(C)C
93849,C/C=C/C(=O)[C@H]1C(=CCCC1(C)C)CC
93850,C/C=C/C(=O)[C@@H]1/C(=C/C)/CCCC1(C)C
93852,CCOC(=O)CNCc1ccccc1O
93869,CCCCC[C@@H]1C[C@H]1C(=O)O
93873,CC(=O)[C@H]1C[C@H]2C[C@@H]1CC2
93874,CC(NCc1ccccn1)C
93882,O=CCCC1OCC(CO1)(C)C
93884,C1=CSC(=CC1)NC1=CCC=CS1
93889,N[C@@H]1C[C@@H]2C[C@H]1c1c2cccc1
93890,CCc1ccc(cc1)c1ccc(cc1)C#N
93892,COc1ccc(cc1)c1ccc(cc1)C#N
93894,C=CCCCC[Si](OC)(OC)OC
93905,COc1cc(=O)n(c2c1ccc(n2)N(C)C)C
93906,CO/N=C/c1ccncc1
93907,CCCCC/C=C/C/C=C/CCCOC(=O)C
93908,CCCCC/C=C/C/C=C/CCCO
93914,CCOC(OC)(OC)C
93917,COC(=O)C[C@H](C(=O)OC)C=O
93920,CCCC[C@H]([C@@H](C=C)O)CC
93922,CC1(C)CCC=C1
93924,CCCCNCc1ccccn1
93929,OCCN(c1ccc(c(c1)C)N=O)CC
93934,COCCCCC1CCCCC1
93952,O=C[C@H](/C=C/[C@H]1C(=CCCC1(C)C)C)C
93959,C=CCCC(=O)/C=C/C1=C(C)CCCC1(C)C
93960,COC(=O)C1CC(C)(C)NC(C1)(C)C
93963,C1CSc2c(NC1)cccc2
93965,OC(=O)c1cc(C)c(cc1O)C
93966,O=C=Nc1c(C)c(C)cc(c1C)C
93967,COc1ccc2c(c1)cccc2C(=O)C
93968,NCCC[Si](O)(O)O
93979,O=C[C@@H](C(C)C)CC=C(C)C
93980,Oc1ccc2c(c1)NCCC2
93989,OCCOc1ccccc1C=O
94008,N#CC(C/C=C(/CCC=C(C)C)C)(C)C
94017,O=C([C@@H]1[C@@H]2C[C@@H]3[C@H]1[C@@H]3C2)c1ccccc1
94018,CCCN1Cc2ccccc2c2c(C1)cccc2
94021,CC(=O)OC[C@@H]([C@@H]1CC[C@]2([C@@H](C1)O2)C)C
94036,OCC(=C)c1ccccn1
94041,COC(=O)Cc1cscc1
94045,CC(=O)OC/C=C/1[C@@H]2CC[C@H](C1(C)C)C2
94046,OC/C=C/[C@@H]2CC[C@H](C1(C)C)C2
94060,OC[C@@H](C(=C)C)CC=C(C)C
94081,N#Cc1ccc(o1)C#N
94088,CO[Si](CCCSC(=[NH2])[NH])(OC)OC
94090,C[C@@H]1CC[C@H](C[C@H]1O)C(O)(C)C
94095,CC(OC1=CC(=O)CCC1)C
94097,CC(=O)Oc1cc(ccc1OC(=O)C)C(=O)O
94101,OC(=O)CSC(CC(C)(C)C)(C)C
94109,OCCN(C(=O)c1ccccc1)CCO
94116,CC([C@]1(O)CC[C@]2([C@@H](C1)O2)C)C
94131,CC(N(C#N)N)C
94132,O=C/C=C(/CC/C=C(/CC(C)C)C)C
94133,C[C@H](c1ccc(cc1)CC(C)C)/C=N/O
94137,O[C@@H]1C[C@H]2C[C@@H]1[C@H]1[C@H]2CC=C1
94143,O=C[C@H]1C(=CCCC1(C)C)C
94146,OC(=O)[C@]1(O)N=[C](=[N]=C1O)O
94154,OC[C@H]([C@H]([C@@H](CO)O)O)O
